url,reason,title,company
https://www.104.com.tw/job/7ck27?jobsource=2018indexpoc,ok,,
https://www.104.com.tw/job/7ef2l?jobsource=2018indexpoc,no,,
https://www.104.com.tw/job/7jerf?jobsource=2018indexpoc,ok,,
https://www.104.com.tw/job/7p0q3?jobsource=2018indexpoc,no,,
https://www.104.com.tw/job/4aonr?jobsource=2018indexpoc,no,,
https://www.104.com.tw/job/4fu84?jobsource=2018indexpoc,no,,
https://www.104.com.tw/job/5uu1f?jobsource=2018indexpoc,no,,
https://www.104.com.tw/job/6boe6?jobsource=2018indexpoc,no,,
https://www.104.com.tw/job/6g3ba?jobsource=2018indexpoc,no,,
https://www.104.com.tw/job/6izvs?jobsource=2018indexpoc,ok,,
https://www.104.com.tw/job/6juiq?jobsource=2018indexpoc,ok,,
https://www.104.com.tw/job/6rvut?jobsource=2018indexpoc,no,,
https://www.104.com.tw/job/6zzi7?jobsource=2018indexpoc,no,,
https://www.104.com.tw/job/72dpn?jobsource=2018indexpoc,ok,,
https://www.104.com.tw/job/72vzw?jobsource=2018indexpoc,no,,
https://www.104.com.tw/job/744c9?jobsource=2018indexpoc,no,,
https://www.104.com.tw/job/7512l?jobsource=2018indexpoc,ok,,
https://www.104.com.tw/job/76alq?jobsource=2018indexpoc,no,,
https://www.104.com.tw/job/76soh?jobsource=2018indexpoc,no,,
https://www.104.com.tw/job/77817?jobsource=2018indexpoc,no,,
https://www.104.com.tw/job/77s6o?jobsource=2018indexpoc,no,,
https://www.104.com.tw/job/7cfnk?jobsource=2018indexpoc,ok,,
https://www.104.com.tw/job/7dhl8?jobsource=2018indexpoc,no,,
https://www.104.com.tw/job/7e8z2?jobsource=2018indexpoc,no,,
https://www.104.com.tw/job/7ef3f?jobsource=2018indexpoc,no,,
https://www.104.com.tw/job/7ef56?jobsource=2018indexpoc,ok,,
https://www.104.com.tw/job/7ef8j?jobsource=2018indexpoc,no,,
https://www.104.com.tw/job/7efbu?jobsource=2018indexpoc,ok,,
https://www.104.com.tw/job/7eid4?jobsource=2018indexpoc,no,,
https://www.104.com.tw/job/7elyp?jobsource=2018indexpoc,failed,,
https://www.104.com.tw/job/7g12m?jobsource=2018indexpoc,ok,,
https://www.104.com.tw/job/7g47i?jobsource=2018indexpoc,no,,
https://www.104.com.tw/job/7nie2?jobsource=2018indexpoc,no,,
https://www.104.com.tw/job/7o78b?jobsource=2018indexpoc,no,,
https://www.104.com.tw/job/7q9k6?jobsource=2018indexpoc,ok,,
https://www.104.com.tw/job/7qffl?jobsource=2018indexpoc,ok,,
https://www.104.com.tw/job/7r719?jobsource=2018indexpoc,no,,
https://www.104.com.tw/job/7u4nn?jobsource=2018indexpoc,no,,
https://www.104.com.tw/job/7ubli?jobsource=2018indexpoc,no,,
https://www.104.com.tw/job/7vb5f?jobsource=2018indexpoc,ok,,
https://www.104.com.tw/job/7vqkp?jobsource=2018indexpoc,no,,
https://www.104.com.tw/job/7vt6f?jobsource=2018indexpoc,no,,
https://www.104.com.tw/job/7vusd?jobsource=2018indexpoc,no,,
https://www.104.com.tw/job/7vv90?jobsource=2018indexpoc,no,,
https://www.104.com.tw/job/7w0s2?jobsource=2018indexpoc,no,,
https://www.104.com.tw/job/7wmgc?jobsource=2018indexpoc,no,,
https://www.104.com.tw/job/7wpi7?jobsource=2018indexpoc,ok,,
https://www.104.com.tw/job/7wpyn?jobsource=2018indexpoc,ok,,
https://www.104.com.tw/job/7wtxy?jobsource=2018indexpoc,ok,,
https://www.104.com.tw/job/7wuwr?jobsource=2018indexpoc,no,,
https://www.104.com.tw/job/7wuws?jobsource=2018indexpoc,no,,
https://www.104.com.tw/job/7x9h6?jobsource=2018indexpoc,ok,,
https://www.104.com.tw/job/7xe2u?jobsource=2018indexpoc,no,,
https://www.104.com.tw/job/7xgxg?jobsource=2018indexpoc,no,,
https://www.104.com.tw/job/7xwbi?jobsource=2018indexpoc,no,,
https://www.104.com.tw/job/7xwm7?jobsource=2018indexpoc,ok,,
https://www.104.com.tw/job/7ydsc?jobsource=2018indexpoc,no,,
https://www.104.com.tw/job/7yvqs?jobsource=2018indexpoc,no,,
https://www.104.com.tw/job/81093?jobsource=2018indexpoc,no,,
https://www.104.com.tw/job/81emc?jobsource=2018indexpoc,ok,,
https://www.104.com.tw/job/81enc?jobsource=2018indexpoc,ok,,
https://www.104.com.tw/job/81f7o?jobsource=2018indexpoc,no,,
https://www.104.com.tw/job/81fsi?jobsource=2018indexpoc,no,,
https://www.104.com.tw/job/81ly7?jobsource=2018indexpoc,no,,
https://www.104.com.tw/job/829nf?jobsource=2018indexpoc,no,,
https://www.104.com.tw/job/82b78?jobsource=2018indexpoc,applied,,
https://www.104.com.tw/job/82d63?jobsource=2018indexpoc,no,,
https://www.104.com.tw/job/82j9g?jobsource=2018indexpoc,no,,
https://www.104.com.tw/job/82lgc?jobsource=2018indexpoc,no,,
https://www.104.com.tw/job/82upv?jobsource=2018indexpoc,no,,
https://www.104.com.tw/job/8336k?jobsource=2018indexpoc,no,,
https://www.104.com.tw/job/83bu7?jobsource=2018indexpoc,no,,
https://www.104.com.tw/job/83gr8?jobsource=2018indexpoc,no,,
https://www.104.com.tw/job/83jhh?jobsource=2018indexpoc,no,,
https://www.104.com.tw/job/83wwu?jobsource=2018indexpoc,ok,,
https://www.104.com.tw/job/8452r?jobsource=2018indexpoc,no,,
https://www.104.com.tw/job/84e1d?jobsource=2018indexpoc,no,,
https://www.104.com.tw/job/84lfn?jobsource=2018indexpoc,no,,
https://www.104.com.tw/job/84lgp?jobsource=2018indexpoc,no,,
https://www.104.com.tw/job/84pyy?jobsource=2018indexpoc,no,,
https://www.104.com.tw/job/84pz2?jobsource=2018indexpoc,no,,
https://www.104.com.tw/job/74ilx?jobsource=2018indexpoc,ok,,
https://www.104.com.tw/job/2hjqn?jobsource=2018indexpoc,ok,,
https://www.104.com.tw/job/2hjqn?jobsource=2018indexpoc,ok,,
https://www.104.com.tw/job/83ydo?jobsource=2018indexpoc,no,,
https://www.104.com.tw/job/7kejj?jobsource=2018indexpoc,no,,
https://www.104.com.tw/job/848xc?jobsource=2018indexpoc,no,,
https://www.104.com.tw/job/7p5qw?jobsource=2018indexpoc,no,,
https://www.104.com.tw/job/2grj6?jobsource=2018indexpoc,no,,
https://www.104.com.tw/job/83s7x?jobsource=2018indexpoc,no,,
https://www.104.com.tw/job/7wef1?jobsource=2018indexpoc,no,,
https://www.104.com.tw/job/83x59?jobsource=2018indexpoc,no,,
https://www.104.com.tw/job/6vpd9?jobsource=2018indexpoc,no,,
https://www.104.com.tw/job/2gqs2?jobsource=2018indexpoc,no,,
https://www.104.com.tw/job/3m4u4?jobsource=2018indexpoc,no,,
https://www.104.com.tw/job/6rrm2?jobsource=2018indexpoc,no,,
https://www.104.com.tw/job/848x9?jobsource=2018indexpoc,no,,
https://www.104.com.tw/job/84eh1?jobsource=2018indexpoc,no,,
https://www.104.com.tw/job/7zjml?jobsource=2018indexpoc,no,,
https://www.104.com.tw/job/832gw?jobsource=2018indexpoc,no,,
https://www.104.com.tw/job/6gb2x?jobsource=2018indexpoc,no,,
https://www.104.com.tw/job/7rz2q?jobsource=2018indexpoc,no,,
https://www.104.com.tw/job/807x8?jobsource=2018indexpoc,no,,
https://www.104.com.tw/job/834d6?jobsource=2018indexpoc,no,,
https://www.104.com.tw/job/724lq?jobsource=2018indexpoc,no,,
https://www.104.com.tw/job/7iffu?jobsource=2018indexpoc,no,,
https://www.104.com.tw/job/825ji?jobsource=2018indexpoc,no,,
https://www.104.com.tw/job/7tt4m?jobsource=2018indexpoc,no,,
https://www.104.com.tw/job/7qptw?jobsource=2018indexpoc,no,,
https://www.104.com.tw/job/6ol5n?jobsource=2018indexpoc,ok,,
https://www.104.com.tw/job/7z49e?jobsource=2018indexpoc,no,,
https://www.104.com.tw/job/7w9xm?jobsource=2018indexpoc,no,,
https://www.104.com.tw/job/7hzxb?jobsource=2018indexpoc,no,,
https://www.104.com.tw/job/7lpm5?jobsource=2018indexpoc,no,,
https://www.104.com.tw/job/7yruf?jobsource=2018indexpoc,no,,
https://www.104.com.tw/job/788ov?jobsource=2018indexpoc,no,,
https://www.104.com.tw/job/6uv29?jobsource=2018indexpoc,no,,
https://www.104.com.tw/job/7iffb?jobsource=2018indexpoc,no,,
https://www.104.com.tw/job/70bp3?jobsource=2018indexpoc,no,,
https://www.104.com.tw/job/7mujm?jobsource=2018indexpoc,ok,,
https://www.104.com.tw/job/7mbo9?jobsource=2018indexpoc,no,,
https://www.104.com.tw/job/7qq26?jobsource=2018indexpoc,no,,
https://www.104.com.tw/job/82z9h?jobsource=2018indexpoc,no,,
https://www.104.com.tw/job/7vuqe?jobsource=2018indexpoc,no,,
https://www.104.com.tw/job/7pyzt?jobsource=2018indexpoc,no,,
https://www.104.com.tw/job/7yg5e?jobsource=2018indexpoc,no,,
https://www.104.com.tw/job/781rp?jobsource=2018indexpoc,no,,
https://www.104.com.tw/job/6ngpm?jobsource=2018indexpoc,no,,
https://www.104.com.tw/job/77e16?jobsource=2018indexpoc,no,,
https://www.104.com.tw/job/7war5?jobsource=2018indexpoc,no,,
https://www.104.com.tw/job/7r275?jobsource=2018indexpoc,no,,
https://www.104.com.tw/job/80vz0?jobsource=2018indexpoc,no,,
https://www.104.com.tw/job/7x2ah?jobsource=2018indexpoc,no,,
https://www.104.com.tw/job/84fth?jobsource=2018indexpoc,no,,
https://www.104.com.tw/job/7antw?jobsource=2018indexpoc,no,,
https://www.104.com.tw/job/6qdmq?jobsource=2018indexpoc,no,,
https://www.104.com.tw/job/7kuo1?jobsource=2018indexpoc,no,,
https://www.104.com.tw/job/396e0?jobsource=2018indexpoc,no,,
https://www.104.com.tw/job/84ott?jobsource=2018indexpoc,no,,
https://www.104.com.tw/job/6zjlh?jobsource=2018indexpoc,no,,
https://www.104.com.tw/job/6zbv1?jobsource=2018indexpoc,no,,
https://www.104.com.tw/job/848px?jobsource=2018indexpoc,no,,
https://www.104.com.tw/job/81c9f?jobsource=2018indexpoc,no,,
https://www.104.com.tw/job/80v7d?jobsource=2018indexpoc,no,,
https://www.104.com.tw/job/82ldx?jobsource=2018indexpoc,no,,
https://www.104.com.tw/job/8309a?jobsource=2018indexpoc,no,,
https://www.104.com.tw/job/7oqal?jobsource=2018indexpoc,no,,
https://www.104.com.tw/job/7k7b2?jobsource=2018indexpoc,no,,
https://www.104.com.tw/job/7anu6?jobsource=2018indexpoc,no,,
https://www.104.com.tw/job/7ures?jobsource=2018indexpoc,no,,
https://www.104.com.tw/job/6v2ng?jobsource=2018indexpoc,no,,
https://www.104.com.tw/job/7icy9?jobsource=2018indexpoc,ok,,
https://www.104.com.tw/job/7pi9b?jobsource=2018indexpoc,no,,
https://www.104.com.tw/job/7yp81?jobsource=2018indexpoc,no,,
https://www.104.com.tw/job/84b1s?jobsource=2018indexpoc,no,,
https://www.104.com.tw/job/7z4yj?jobsource=2018indexpoc,no,,
https://www.104.com.tw/job/83sj9?jobsource=2018indexpoc,no,,
https://www.104.com.tw/job/wmrl?jobsource=2018indexpoc,no,,
https://www.104.com.tw/job/74947?jobsource=2018indexpoc,no,,
https://www.104.com.tw/job/83hlg?jobsource=2018indexpoc,no,,
https://www.104.com.tw/job/81hmv?jobsource=2018indexpoc,ok,,
https://www.104.com.tw/job/84o3c?jobsource=2018indexpoc,no,,
https://www.104.com.tw/job/822ff?jobsource=2018indexpoc,no,,
https://www.104.com.tw/job/72636?jobsource=2018indexpoc,no,,
https://www.104.com.tw/job/7vcfw?jobsource=2018indexpoc,no,,
https://www.104.com.tw/job/6megu?jobsource=2018indexpoc,no,,
https://www.104.com.tw/job/83kbm?jobsource=2018indexpoc,no,,
https://www.104.com.tw/job/7w6qb?jobsource=2018indexpoc,no,,
https://www.104.com.tw/job/81hlt?jobsource=2018indexpoc,no,,
https://www.104.com.tw/job/7m59d?jobsource=2018indexpoc,no,,
https://www.104.com.tw/job/7g129?jobsource=2018indexpoc,no,,
https://www.104.com.tw/job/7m5c1?jobsource=2018indexpoc,ok,,
https://www.104.com.tw/job/80k72?jobsource=2018indexpoc,no,,
https://www.104.com.tw/job/6cpse?jobsource=2018indexpoc,no,,
https://www.104.com.tw/job/7wbzr?jobsource=2018indexpoc,no,,
https://www.104.com.tw/job/77td5?jobsource=2018indexpoc,no,,
https://www.104.com.tw/job/82sot?jobsource=2018indexpoc,no,,
https://www.104.com.tw/job/7bak5?jobsource=2018indexpoc,no,,
https://www.104.com.tw/job/81hm7?jobsource=2018indexpoc,no,,
https://www.104.com.tw/job/7vcg6?jobsource=2018indexpoc,no,,
https://www.104.com.tw/job/7845j?jobsource=2018indexpoc,no,,
https://www.104.com.tw/job/7ef49?jobsource=2018indexpoc,no,,
https://www.104.com.tw/job/42h9h?jobsource=2018indexpoc,ok,,
https://www.104.com.tw/job/4fbwd?jobsource=2018indexpoc,no,,
https://www.104.com.tw/job/6j7iw?jobsource=2018indexpoc,no,,
https://www.104.com.tw/job/7uvmi?jobsource=2018indexpoc,no,,
https://www.104.com.tw/job/7tst4?jobsource=2018indexpoc,no,,
https://www.104.com.tw/job/82grg?jobsource=new_map&app_jobsource=m_time4jobs,ok,,
https://www.104.com.tw/job/7pjeb?jobsource=new_map&app_jobsource=m_time4jobs,ok,,
https://www.104.com.tw/job/77apf?jobsource=2018indexpoc,no,,
https://www.104.com.tw/job/83zy9?jobsource=2018indexpoc,no,,
https://www.104.com.tw/job/6gnpv?jobsource=2018indexpoc,no,,
https://www.104.com.tw/job/84hoo?jobsource=2018indexpoc,ok,,
https://www.104.com.tw/job/6ylgc?jobsource=2018indexpoc,no,,
https://www.104.com.tw/job/84uaj?jobsource=2018indexpoc,no,,
https://www.104.com.tw/job/8464n?jobsource=2018indexpoc,no,,
https://www.104.com.tw/job/4r5bo?jobsource=2018indexpoc,ok,,
https://www.104.com.tw/job/7ifx2?jobsource=2018indexpoc,ok,,
https://www.104.com.tw/job/7pjeb?jobsource=2018indexpoc,ok,,
https://www.104.com.tw/job/7sh81?jobsource=2018indexpoc,no,,
https://www.104.com.tw/job/84f9a?jobsource=2018indexpoc,no,,
https://www.104.com.tw/job/849oo?jobsource=2018indexpoc,no,,
https://www.104.com.tw/job/82ir4?jobsource=2018indexpoc,no,,
https://www.104.com.tw/job/822ur?jobsource=2018indexpoc,no,,
https://www.104.com.tw/job/83mlb?jobsource=2018indexpoc,ok,,
https://www.104.com.tw/job/3lim2?jobsource=2018indexpoc,no,,
https://www.104.com.tw/job/62kj3?jobsource=2018indexpoc,no,,
https://www.104.com.tw/job/821uv?jobsource=2018indexpoc,ok,,
https://www.104.com.tw/job/82gki?jobsource=2018indexpoc,no,,
https://www.104.com.tw/job/6zcub?jobsource=2018indexpoc,no,,
https://www.104.com.tw/job/7pqez?jobsource=2018indexpoc,no,,
https://www.104.com.tw/job/7zao5?jobsource=2018indexpoc,ok,,
https://www.104.com.tw/job/7vxes?jobsource=2018indexpoc,no,,
https://www.104.com.tw/job/76qca?jobsource=2018indexpoc,no,,
https://www.104.com.tw/job/7fdu1?jobsource=2018indexpoc,no,,
https://www.104.com.tw/job/7l8uh?jobsource=2018indexpoc,no,,
https://www.104.com.tw/job/80yki?jobsource=2018indexpoc,no,,
https://www.104.com.tw/job/848en?jobsource=2018indexpoc,no,,
https://www.104.com.tw/job/76hpo?jobsource=2018indexpoc,no,,
https://www.104.com.tw/job/7mudp?jobsource=2018indexpoc,no,,
https://www.104.com.tw/job/84rlq?jobsource=2018indexpoc,no,,
https://www.104.com.tw/job/7ycng?jobsource=2018indexpoc,no,,
https://www.104.com.tw/job/841ps?jobsource=2018indexpoc,no,,
https://www.104.com.tw/job/84klf?jobsource=2018indexpoc,no,,
https://www.104.com.tw/job/7ss60?jobsource=2018indexpoc,no,,
https://www.104.com.tw/job/84isc?jobsource=2018indexpoc,ok,,
https://www.104.com.tw/job/84kkp?jobsource=2018indexpoc,no,,
https://www.104.com.tw/job/844c9?jobsource=2018indexpoc,no,,
https://www.104.com.tw/job/54kg7?jobsource=2018indexpoc,no,,
https://www.104.com.tw/job/84j6t?jobsource=2018indexpoc,ok,,
https://www.104.com.tw/job/3mup8?jobsource=2018indexpoc,ok,,
https://www.104.com.tw/job/7zkio?jobsource=2018indexpoc,no,,
https://www.104.com.tw/job/7whph?jobsource=2018indexpoc,no,,
https://www.104.com.tw/job/72wpy?jobsource=2018indexpoc,no,,
https://www.104.com.tw/job/81pl1?jobsource=2018indexpoc,no,,
https://www.104.com.tw/job/7jbxl?jobsource=2018indexpoc,no,,
https://www.104.com.tw/job/800nh?jobsource=2018indexpoc,no,,
https://www.104.com.tw/job/7g7lm?jobsource=2018indexpoc,ok,,
https://www.104.com.tw/job/6vuah?jobsource=2018indexpoc,no,,
https://www.104.com.tw/job/7mr0u?jobsource=2018indexpoc,no,,
https://www.104.com.tw/job/7ryty?jobsource=2018indexpoc,no,,
https://www.104.com.tw/job/7z4wj?jobsource=2018indexpoc,no,,
https://www.104.com.tw/job/80fno?jobsource=2018indexpoc,no,,
https://www.104.com.tw/job/7dpwq?jobsource=2018indexpoc,no,,
https://www.104.com.tw/job/84qxs?jobsource=2018indexpoc,no,,
https://www.104.com.tw/job/67cmm?jobsource=2018indexpoc,no,,
https://www.104.com.tw/job/7e7lz?jobsource=2018indexpoc,no,,
https://www.104.com.tw/job/6zmdq?jobsource=2018indexpoc,no,,
https://www.104.com.tw/job/6lhdm?jobsource=2018indexpoc,no,,
https://www.104.com.tw/job/7zr0h?jobsource=2018indexpoc,no,,
https://www.104.com.tw/job/84yef?jobsource=2018indexpoc,no,,
https://www.104.com.tw/job/7md52?jobsource=2018indexpoc,no,,
https://www.104.com.tw/job/84gx2?jobsource=2018indexpoc,no,,
https://www.104.com.tw/job/84tza?jobsource=2018indexpoc,no,,
https://www.104.com.tw/job/6u9m6?jobsource=2018indexpoc,no,,
https://www.104.com.tw/job/7o781?jobsource=2018indexpoc,no,,
https://www.104.com.tw/job/7no9u?jobsource=2018indexpoc,no,,
https://www.104.com.tw/job/851uk?jobsource=2018indexpoc,no,,
https://www.104.com.tw/job/7hv9t?jobsource=2018indexpoc,no,,
https://www.104.com.tw/job/6e484?jobsource=2018indexpoc,no,,
https://www.104.com.tw/job/851sj?jobsource=2018indexpoc,no,,
https://www.104.com.tw/job/7iuzd?jobsource=2018indexpoc,no,,
https://www.104.com.tw/job/7bhp1?jobsource=2018indexpoc,no,,
https://www.104.com.tw/job/7lr60?jobsource=2018indexpoc,no,,
https://www.104.com.tw/job/808s8?jobsource=2018indexpoc,no,,
https://www.104.com.tw/job/84ww6?jobsource=2018indexpoc,no,,
https://www.104.com.tw/job/84z8t?jobsource=2018indexpoc,no,,
https://www.104.com.tw/job/827yy?jobsource=2018indexpoc,no,,
https://www.104.com.tw/job/7du89?jobsource=2018indexpoc,no,,
https://www.104.com.tw/job/816yw?jobsource=2018indexpoc,no,,
https://www.104.com.tw/job/7l5r4?jobsource=2018indexpoc,no,,
https://www.104.com.tw/job/7uvrs?jobsource=2018indexpoc,no,,
https://www.104.com.tw/job/8327c?jobsource=2018indexpoc,ok,,
https://www.104.com.tw/job/817qq?jobsource=2018indexpoc,no,,
https://www.104.com.tw/job/853o5?jobsource=2018indexpoc,no,,
https://www.104.com.tw/job/852y6?jobsource=2018indexpoc,no,,
https://www.104.com.tw/job/838ii?jobsource=2018indexpoc,no,,
https://www.104.com.tw/job/8550h?jobsource=2018indexpoc,no,,
https://www.104.com.tw/job/7ot3p?jobsource=2018indexpoc,no,,
https://www.104.com.tw/job/6c3ws?jobsource=2018indexpoc,no,,
https://www.104.com.tw/job/76l80?jobsource=2018indexpoc,no,,
https://www.104.com.tw/job/7rs60?jobsource=2018indexpoc,ok,,
https://www.104.com.tw/job/83mj7?jobsource=2018indexpoc,ok,,
https://www.104.com.tw/job/76l7w?jobsource=2018indexpoc,ok,,
https://www.104.com.tw/job/80j65?jobsource=2018indexpoc,no,,
https://www.104.com.tw/job/7gqih?jobsource=2018indexpoc,no,,
https://www.104.com.tw/job/7ejb9?jobsource=2018indexpoc,no,,
https://www.104.com.tw/job/84zh1?jobsource=2018indexpoc,ok,,
https://www.104.com.tw/job/75oc8?jobsource=2018indexpoc,ok,,
https://www.104.com.tw/job/80j3n?jobsource=2018indexpoc,no,,
https://www.104.com.tw/job/76l81?jobsource=2018indexpoc,ok,,
https://www.104.com.tw/job/83y2e?jobsource=2018indexpoc,no,,
https://www.104.com.tw/job/84hs2?jobsource=2018indexpoc,ok,,
https://www.104.com.tw/job/84elw?jobsource=2018indexpoc,no,,
https://www.104.com.tw/job/83087?jobsource=2018indexpoc,no,,
https://www.104.com.tw/job/6u3no?jobsource=2018indexpoc,no,,
https://www.104.com.tw/job/84ve4?jobsource=2018indexpoc,ok,,
https://www.104.com.tw/job/73bek?jobsource=2018indexpoc,ok,,
https://www.104.com.tw/job/84ttm?jobsource=2018indexpoc,no,,
https://www.104.com.tw/job/7fgk5?jobsource=2018indexpoc,no,,
https://www.104.com.tw/job/84tqo?jobsource=2018indexpoc,no,,
https://www.104.com.tw/job/7sumg?jobsource=2018indexpoc,ok,,
https://www.104.com.tw/job/7lp1t?jobsource=2018indexpoc,no,,
https://www.104.com.tw/job/72ehv?jobsource=2018indexpoc,no,,
https://www.104.com.tw/job/4qz6c?jobsource=2018indexpoc,no,,
https://www.104.com.tw/job/837dv?jobsource=2018indexpoc,no,,
https://www.104.com.tw/job/6xv35?jobsource=2018indexpoc,ok,,
https://www.104.com.tw/job/81hk6?jobsource=2018indexpoc,no,,
https://www.104.com.tw/job/7m790?jobsource=2018indexpoc,ok,,
https://www.104.com.tw/job/82oml?jobsource=2018indexpoc,no,,
https://www.104.com.tw/job/78idn?jobsource=2018indexpoc,no,,
https://www.104.com.tw/job/7do7b?jobsource=2018indexpoc,no,,
https://www.104.com.tw/job/7j3eu?jobsource=2018indexpoc,no,,
https://www.104.com.tw/job/7yix5?jobsource=2018indexpoc,no,,
https://www.104.com.tw/job/7amvm?jobsource=2018indexpoc,no,,
https://www.104.com.tw/job/7yoru?jobsource=2018indexpoc,ok,,
https://www.104.com.tw/job/7lsto?jobsource=2018indexpoc,no,,
https://www.104.com.tw/job/7kwoe?jobsource=2018indexpoc,no,,
https://www.104.com.tw/job/850jh?jobsource=2018indexpoc,ok,,
https://www.104.com.tw/job/850je?jobsource=2018indexpoc,no,,
https://www.104.com.tw/job/82h8o?jobsource=2018indexpoc,ok,,
https://www.104.com.tw/job/6o732?jobsource=2018indexpoc,no,,
https://www.104.com.tw/job/78rlj?jobsource=2018indexpoc,no,,
https://www.104.com.tw/job/67bf1?jobsource=2018indexpoc,no,,
https://www.104.com.tw/job/7uwne?jobsource=2018indexpoc,no,,
https://www.104.com.tw/job/854au?jobsource=2018indexpoc,no,,
https://www.104.com.tw/job/6gbzv?jobsource=2018indexpoc,no,,
https://www.104.com.tw/job/56wx8?jobsource=2018indexpoc,ok,,
https://www.104.com.tw/job/67bic?jobsource=2018indexpoc,no,,
https://www.104.com.tw/job/7z47k?jobsource=2018indexpoc,ok,,
https://www.104.com.tw/job/7fg8m?jobsource=2018indexpoc,no,,
https://www.104.com.tw/job/84o3x?jobsource=2018indexpoc,no,,
https://www.104.com.tw/job/7tqc8?jobsource=2018indexpoc,no,,
https://www.104.com.tw/job/84ak2?jobsource=2018indexpoc,no,,
https://www.104.com.tw/job/7lkhx?jobsource=2018indexpoc,no,,
https://www.104.com.tw/job/7z6i0?jobsource=2018indexpoc,no,,
https://www.104.com.tw/job/78rkb?jobsource=2018indexpoc,no,,
https://www.104.com.tw/job/75fy2?jobsource=2018indexpoc,no,,
https://www.104.com.tw/job/83vc2?jobsource=2018indexpoc,no,,
https://www.104.com.tw/job/6yo21?jobsource=2018indexpoc,no,,
https://www.104.com.tw/job/7hlp0?jobsource=2018indexpoc,no,,
https://www.104.com.tw/job/7t6yr?jobsource=2018indexpoc,no,,
https://www.104.com.tw/job/7fgac?jobsource=2018indexpoc,no,,
https://www.104.com.tw/job/7uqmd?jobsource=2018indexpoc,no,,
https://www.104.com.tw/job/84z9c?jobsource=2018indexpoc,no,,
https://www.104.com.tw/job/7kozx?jobsource=2018indexpoc,ok,,
https://www.104.com.tw/job/740me?jobsource=2018indexpoc,no,,
https://www.104.com.tw/job/83uol?jobsource=2018indexpoc,ok,,
https://www.104.com.tw/job/7wuz8?jobsource=2018indexpoc,no,,
https://www.104.com.tw/job/7zao3?jobsource=2018indexpoc,no,,
https://www.104.com.tw/job/84pdf?jobsource=2018indexpoc,no,,
https://www.104.com.tw/job/83gcz?jobsource=2018indexpoc,no,,
https://www.104.com.tw/job/8344q?jobsource=2018indexpoc,no,,
https://www.104.com.tw/job/7wq12?jobsource=2018indexpoc,no,,
https://www.104.com.tw/job/6fuqj?jobsource=2018indexpoc,no,,
https://www.104.com.tw/job/7mlaq?jobsource=2018indexpoc,no,,
https://www.104.com.tw/job/6gaaf?jobsource=2018indexpoc,no,,
https://www.104.com.tw/job/7m10g?jobsource=2018indexpoc,no,,
https://www.104.com.tw/job/7t3zm?jobsource=2018indexpoc,no,,
https://www.104.com.tw/job/807gm?jobsource=2018indexpoc,no,,
https://www.104.com.tw/job/4sf8z?jobsource=2018indexpoc,no,,
https://www.104.com.tw/job/80v48?jobsource=2018indexpoc,no,,
https://www.104.com.tw/job/81zdq?jobsource=2018indexpoc,no,,
https://www.104.com.tw/job/6k8es?jobsource=2018indexpoc,no,,
https://www.104.com.tw/job/852vz?jobsource=2018indexpoc,ok,,
https://www.104.com.tw/job/82ie0?jobsource=2018indexpoc,no,,
https://www.104.com.tw/job/6ywbg?jobsource=2018indexpoc,no,,
https://www.104.com.tw/job/75o78?jobsource=2018indexpoc,no,,
https://www.104.com.tw/job/7sdgt?jobsource=2018indexpoc,no,,
https://www.104.com.tw/job/7vu9h?jobsource=2018indexpoc,no,,
https://www.104.com.tw/job/81j8g?jobsource=2018indexpoc,no,,
https://www.104.com.tw/job/7w1mn?jobsource=2018indexpoc,no,,
https://www.104.com.tw/job/7fg9c?jobsource=2018indexpoc,no,,
https://www.104.com.tw/job/6y3o8?jobsource=2018indexpoc,no,,
https://www.104.com.tw/job/83fba?jobsource=2018indexpoc,no,,
https://www.104.com.tw/job/7rbh0?jobsource=2018indexpoc,no,,
https://www.104.com.tw/job/7ntmv?jobsource=2018indexpoc,no,,
https://www.104.com.tw/job/83n8k?jobsource=2018indexpoc,no,,
https://www.104.com.tw/job/7llmi?jobsource=2018indexpoc,no,,
https://www.104.com.tw/job/84573?jobsource=2018indexpoc,ok,,
https://www.104.com.tw/job/84c0a?jobsource=2018indexpoc,no,,
https://www.104.com.tw/job/6xrd5?jobsource=2018indexpoc,no,,
https://www.104.com.tw/job/8016u?jobsource=2018indexpoc,no,,
https://www.104.com.tw/job/6ll84?jobsource=2018indexpoc,no,,
https://www.104.com.tw/job/84tfu?jobsource=2018indexpoc,ok,,
https://www.104.com.tw/job/7qdq7?jobsource=2018indexpoc,no,,
https://www.104.com.tw/job/84b2m?jobsource=2018indexpoc,no,,
https://www.104.com.tw/job/7jmqc?jobsource=2018indexpoc,no,,
https://www.104.com.tw/job/7xava?jobsource=2018indexpoc,no,,
https://www.104.com.tw/job/249o5?jobsource=2018indexpoc,no,,
https://www.104.com.tw/job/84oos?jobsource=2018indexpoc,no,,
https://www.104.com.tw/job/83l86?jobsource=2018indexpoc,no,,
https://www.104.com.tw/job/75ehp?jobsource=2018indexpoc,no,,
https://www.104.com.tw/job/82p88?jobsource=2018indexpoc,no,,
https://www.104.com.tw/job/7iy2b?jobsource=2018indexpoc,no,,
https://www.104.com.tw/job/7lcrn?jobsource=2018indexpoc,ok,,
https://www.104.com.tw/job/83oag?jobsource=2018indexpoc,no,,
https://www.104.com.tw/job/7fiyn?jobsource=2018indexpoc,no,,
https://www.104.com.tw/job/84uu0?jobsource=2018indexpoc,ok,,
https://www.104.com.tw/job/7z5hi?jobsource=2018indexpoc,applied,,
https://www.104.com.tw/job/4ve4u?jobsource=2018indexpoc,no,,
https://www.104.com.tw/job/6yzw0?jobsource=2018indexpoc,no,,
https://www.104.com.tw/job/6wysp?jobsource=2018indexpoc,no,,
https://www.104.com.tw/job/7jb4v?jobsource=2018indexpoc,no,,
https://www.104.com.tw/job/855hf?jobsource=2018indexpoc,no,,
https://www.104.com.tw/job/81mmq?jobsource=2018indexpoc,no,,
https://www.104.com.tw/job/83hip?jobsource=2018indexpoc,no,,
https://www.104.com.tw/job/5x5dq?jobsource=2018indexpoc,no,,
https://www.104.com.tw/job/81dgv?jobsource=2018indexpoc,no,,
https://www.104.com.tw/job/5xdju?jobsource=2018indexpoc,no,,
https://www.104.com.tw/job/851ib?jobsource=2018indexpoc,no,,
https://www.104.com.tw/job/84ed9?jobsource=2018indexpoc,no,,
https://www.104.com.tw/job/84rki?jobsource=2018indexpoc,no,,
https://www.104.com.tw/job/81gfl?jobsource=2018indexpoc,no,,
https://www.104.com.tw/job/3ykk0?jobsource=2018indexpoc,no,,
https://www.104.com.tw/job/6zvcp?jobsource=2018indexpoc,no,,
https://www.104.com.tw/job/6w6mt?jobsource=2018indexpoc,no,,
https://www.104.com.tw/job/80hk3?jobsource=2018indexpoc,no,,
https://www.104.com.tw/job/7pnji?jobsource=2018indexpoc,no,,
https://www.104.com.tw/job/847zl?jobsource=2018indexpoc,ok,,
https://www.104.com.tw/job/7y2n0?jobsource=2018indexpoc,no,,
https://www.104.com.tw/job/7u9n5?jobsource=2018indexpoc,no,,
https://www.104.com.tw/job/84ed1?jobsource=2018indexpoc,no,,
https://www.104.com.tw/job/81ui2?jobsource=2018indexpoc,no,,
https://www.104.com.tw/job/850r7?jobsource=2018indexpoc,no,,
https://www.104.com.tw/job/72kth?jobsource=2018indexpoc,no,,
https://www.104.com.tw/job/857bo?jobsource=2018indexpoc,no,,
https://www.104.com.tw/job/83szs?jobsource=2018indexpoc,no,,
https://www.104.com.tw/job/7cvqa?jobsource=2018indexpoc,no,,
https://www.104.com.tw/job/7x7fx?jobsource=2018indexpoc,no,,
https://www.104.com.tw/job/61jc4?jobsource=2018indexpoc,no,,
https://www.104.com.tw/job/7uskr?jobsource=2018indexpoc,ok,,
https://www.104.com.tw/job/7ydgy?jobsource=2018indexpoc,no,,
https://www.104.com.tw/job/854al?jobsource=2018indexpoc,no,,
https://www.104.com.tw/job/4cifp?jobsource=2018indexpoc,no,,
https://www.104.com.tw/job/7vxl0?jobsource=2018indexpoc,no,,
https://www.104.com.tw/job/82m8t?jobsource=2018indexpoc,ok,,
https://www.104.com.tw/job/7xw07?jobsource=2018indexpoc,no,,
https://www.104.com.tw/job/7rr1q?jobsource=2018indexpoc,no,,
https://www.104.com.tw/job/7gqao?jobsource=2018indexpoc,ok,,
https://www.104.com.tw/job/844h5?jobsource=2018indexpoc,ok,,
https://www.104.com.tw/job/844z7?jobsource=2018indexpoc,no,,
https://www.104.com.tw/job/81d1s?jobsource=2018indexpoc,no,,
https://www.104.com.tw/job/7x31y?jobsource=2018indexpoc,no,,
https://www.104.com.tw/job/73fb6?jobsource=2018indexpoc,no,,
https://www.104.com.tw/job/84jxl?jobsource=2018indexpoc,ok,,
https://www.104.com.tw/job/793ve?jobsource=2018indexpoc,no,,
https://www.104.com.tw/job/84l7b?jobsource=2018indexpoc,no,,
https://www.104.com.tw/job/844h2?jobsource=2018indexpoc,ok,,
https://www.104.com.tw/job/73juk?jobsource=2018indexpoc,no,,
https://www.104.com.tw/job/83j4n?jobsource=2018indexpoc,ok,,
https://www.104.com.tw/job/844zt?jobsource=2018indexpoc,no,,
https://www.104.com.tw/job/844zo?jobsource=2018indexpoc,no,,
https://www.104.com.tw/job/7xb07?jobsource=2018indexpoc,no,,
https://www.104.com.tw/job/828ao?jobsource=2018indexpoc,no,,
https://www.104.com.tw/job/7wyci?jobsource=2018indexpoc,ok,,
https://www.104.com.tw/job/79n94?jobsource=2018indexpoc,no,,
https://www.104.com.tw/job/7w8wh?jobsource=2018indexpoc,no,,
https://www.104.com.tw/job/80f2w?jobsource=2018indexpoc,no,,
https://www.104.com.tw/job/6j51q?jobsource=2018indexpoc,no,,
https://www.104.com.tw/job/805d0?jobsource=2018indexpoc,no,,
https://www.104.com.tw/job/7xejc?jobsource=2018indexpoc,ok,,
https://www.104.com.tw/job/6ol9m?jobsource=2018indexpoc,no,,
https://www.104.com.tw/job/7vpyk?jobsource=2018indexpoc,ok,,
https://www.104.com.tw/job/82aim?jobsource=2018indexpoc,no,,
https://www.104.com.tw/job/7fnhp?jobsource=2018indexpoc,no,,
https://www.104.com.tw/job/831e3?jobsource=2018indexpoc,ok,,
https://www.104.com.tw/job/6kutq?jobsource=2018indexpoc,no,,
https://www.104.com.tw/job/81upl?jobsource=2018indexpoc,no,,
https://www.104.com.tw/job/7zh5w?jobsource=2018indexpoc,no,,
https://www.104.com.tw/job/75fq8?jobsource=2018indexpoc,ok,,
https://www.104.com.tw/job/7pb9r?jobsource=2018indexpoc,no,,
https://www.104.com.tw/job/7zh53?jobsource=2018indexpoc,no,,
https://www.104.com.tw/job/8557p?jobsource=2018indexpoc,no,,
https://www.104.com.tw/job/844zk?jobsource=2018indexpoc,no,,
https://www.104.com.tw/job/7nu5n?jobsource=2018indexpoc,ok,,
https://www.104.com.tw/job/57xtk?jobsource=2018indexpoc,no,,
https://www.104.com.tw/job/7lheo?jobsource=2018indexpoc,no,,
https://www.104.com.tw/job/69p5p?jobsource=2018indexpoc,no,,
https://www.104.com.tw/job/8427z?jobsource=2018indexpoc,no,,
https://www.104.com.tw/job/6xl3m?jobsource=2018indexpoc,no,,
https://www.104.com.tw/job/82rvx?jobsource=2018indexpoc,no,,
https://www.104.com.tw/job/7r3ch?jobsource=2018indexpoc,no,,
https://www.104.com.tw/job/6jdo7?jobsource=2018indexpoc,no,,
https://www.104.com.tw/job/851fv?jobsource=2018indexpoc,no,,
https://www.104.com.tw/job/7r3hb?jobsource=2018indexpoc,no,,
https://www.104.com.tw/job/7hg7r?jobsource=2018indexpoc,no,,
https://www.104.com.tw/job/7s1z6?jobsource=2018indexpoc,no,,
https://www.104.com.tw/job/494fw?jobsource=2018indexpoc,no,,
https://www.104.com.tw/job/7gsfl?jobsource=2018indexpoc,no,,
https://www.104.com.tw/job/7old0?jobsource=2018indexpoc,no,,
https://www.104.com.tw/job/84y10?jobsource=2018indexpoc,no,,
https://www.104.com.tw/job/78kkd?jobsource=2018indexpoc,no,,
https://www.104.com.tw/job/7xf7w?jobsource=2018indexpoc,no,,
https://www.104.com.tw/job/6cx12?jobsource=2018indexpoc,no,,
https://www.104.com.tw/job/7o0p0?jobsource=2018indexpoc,no,,
https://www.104.com.tw/job/81esq?jobsource=2018indexpoc,no,,
https://www.104.com.tw/job/75uom?jobsource=2018indexpoc,no,,
https://www.104.com.tw/job/377jr?jobsource=2018indexpoc,no,,
https://www.104.com.tw/job/7jr4l?jobsource=2018indexpoc,no,,
https://www.104.com.tw/job/7g994?jobsource=2018indexpoc,no,,
https://www.104.com.tw/job/7h5mb?jobsource=2018indexpoc,no,,
https://www.104.com.tw/job/7owo1?jobsource=2018indexpoc,no,,
https://www.104.com.tw/job/7ssbo?jobsource=2018indexpoc,no,,
https://www.104.com.tw/job/81eb7?jobsource=2018indexpoc,no,,
https://www.104.com.tw/job/83wnz?jobsource=2018indexpoc,no,,
https://www.104.com.tw/job/6yqd0?jobsource=2018indexpoc,no,,
https://www.104.com.tw/job/7yhlq?jobsource=2018indexpoc,no,,
https://www.104.com.tw/job/7btl7?jobsource=2018indexpoc,ok,,
https://www.104.com.tw/job/7yffi?jobsource=2018indexpoc,no,,
https://www.104.com.tw/job/7jmk6?jobsource=2018indexpoc,ok,,
https://www.104.com.tw/job/7xcp2?jobsource=2018indexpoc,no,,
https://www.104.com.tw/job/81266?jobsource=2018indexpoc,ok,,
https://www.104.com.tw/job/7xpd9?jobsource=2018indexpoc,ok,,
https://www.104.com.tw/job/83lig?jobsource=2018indexpoc,ok,,
https://www.104.com.tw/job/7r9r9?jobsource=2018indexpoc,ok,,
https://www.104.com.tw/job/858ga?jobsource=2018indexpoc,no,,
https://www.104.com.tw/job/842ma?jobsource=2018indexpoc,no,,
https://www.104.com.tw/job/4hedd?jobsource=2018indexpoc,ok,,
https://www.104.com.tw/job/6ubot?jobsource=2018indexpoc,no,,
https://www.104.com.tw/job/74abw?jobsource=2018indexpoc,no,,
https://www.104.com.tw/job/7nzuf?jobsource=2018indexpoc,ok,,
https://www.104.com.tw/job/82hnn?jobsource=2018indexpoc,no,,
https://www.104.com.tw/job/84xmg?jobsource=2018indexpoc,no,,
https://www.104.com.tw/job/81mcc?jobsource=2018indexpoc,no,,
https://www.104.com.tw/job/84ilr?jobsource=2018indexpoc,no,,
https://www.104.com.tw/job/84cn5?jobsource=2018indexpoc,no,,
https://www.104.com.tw/job/74uv2?jobsource=2018indexpoc,no,,
https://www.104.com.tw/job/7sjbv?jobsource=2018indexpoc,no,,
https://www.104.com.tw/job/832u8?jobsource=2018indexpoc,no,,
https://www.104.com.tw/job/79ffc?jobsource=2018indexpoc,no,,
https://www.104.com.tw/job/7jg1r?jobsource=2018indexpoc,ok,,
https://www.104.com.tw/job/7ikki?jobsource=2018indexpoc,no,,
https://www.104.com.tw/job/807qx?jobsource=2018indexpoc,ok,,
https://www.104.com.tw/job/7onn9?jobsource=2018indexpoc,no,,
https://www.104.com.tw/job/80e6p?jobsource=2018indexpoc,no,,
https://www.104.com.tw/job/7va5c?jobsource=2018indexpoc,no,,
https://www.104.com.tw/job/7wy2j?jobsource=2018indexpoc,no,,
https://www.104.com.tw/job/80x22?jobsource=2018indexpoc,no,,
https://www.104.com.tw/job/84bf3?jobsource=2018indexpoc,ok,,
https://www.104.com.tw/job/81ygd?jobsource=2018indexpoc,no,,
https://www.104.com.tw/job/6g9bd?jobsource=2018indexpoc,no,,
https://www.104.com.tw/job/7og8x?jobsource=2018indexpoc,no,,
https://www.104.com.tw/job/832uk?jobsource=2018indexpoc,no,,
https://www.104.com.tw/job/7rv5d?jobsource=2018indexpoc,no,,
https://www.104.com.tw/job/82mx7?jobsource=2018indexpoc,no,,
https://www.104.com.tw/job/72zan?jobsource=2018indexpoc,no,,
https://www.104.com.tw/job/7z2fy?jobsource=2018indexpoc,ok,,
https://www.104.com.tw/job/84mg2?jobsource=2018indexpoc,no,,
https://www.104.com.tw/job/84mdp?jobsource=2018indexpoc,no,,
https://www.104.com.tw/job/6kt6n?jobsource=2018indexpoc,no,,
https://www.104.com.tw/job/7zwuc?jobsource=2018indexpoc,no,,
https://www.104.com.tw/job/7s06k?jobsource=2018indexpoc,ok,,
https://www.104.com.tw/job/57kcm?jobsource=2018indexpoc,no,,
https://www.104.com.tw/job/6vhcz?jobsource=2018indexpoc,no,,
https://www.104.com.tw/job/7kjmd?jobsource=2018indexpoc,no,,
https://www.104.com.tw/job/6oncu?jobsource=2018indexpoc,no,,
https://www.104.com.tw/job/7t8qa?jobsource=2018indexpoc,no,,
https://www.104.com.tw/job/5su95?jobsource=2018indexpoc,no,,
https://www.104.com.tw/job/7bcsr?jobsource=2018indexpoc,no,,
https://www.104.com.tw/job/801np?jobsource=2018indexpoc,no,,
https://www.104.com.tw/job/82h2v?jobsource=2018indexpoc,ok,,
https://www.104.com.tw/job/83hjw?jobsource=2018indexpoc,no,,
https://www.104.com.tw/job/6yqi1?jobsource=2018indexpoc,no,,
https://www.104.com.tw/job/6pec8?jobsource=2018indexpoc,no,,
https://www.104.com.tw/job/83rv2?jobsource=2018indexpoc,no,,
https://www.104.com.tw/job/72z9k?jobsource=2018indexpoc,no,,
https://www.104.com.tw/job/7x7hh?jobsource=2018indexpoc,no,,
https://www.104.com.tw/job/7fi1m?jobsource=2018indexpoc,no,,
https://www.104.com.tw/job/8305x?jobsource=2018indexpoc,no,,
https://www.104.com.tw/job/6a5hd?jobsource=2018indexpoc,no,,
https://www.104.com.tw/job/80hkx?jobsource=2018indexpoc,no,,
https://www.104.com.tw/job/83wiy?jobsource=2018indexpoc,no,,
https://www.104.com.tw/job/7ptu1?jobsource=2018indexpoc,no,,
https://www.104.com.tw/job/799q3?jobsource=2018indexpoc,no,,
https://www.104.com.tw/job/7offz?jobsource=2018indexpoc,no,,
https://www.104.com.tw/job/846ka?jobsource=2018indexpoc,no,,
https://www.104.com.tw/job/84zu0?jobsource=2018indexpoc,no,,
https://www.104.com.tw/job/703lt?jobsource=2018indexpoc,no,,
https://www.104.com.tw/job/7pxxe?jobsource=2018indexpoc,no,,
https://www.104.com.tw/job/6u6kg?jobsource=2018indexpoc,no,,
https://www.104.com.tw/job/7s761?jobsource=2018indexpoc,no,,
https://www.104.com.tw/job/7xw5h?jobsource=2018indexpoc,ok,,
https://www.104.com.tw/job/82zcr?jobsource=2018indexpoc,no,,
https://www.104.com.tw/job/859l3?jobsource=2018indexpoc,no,,
https://www.104.com.tw/job/832td?jobsource=2018indexpoc,no,,
https://www.104.com.tw/job/80pua?jobsource=2018indexpoc,no,,
https://www.104.com.tw/job/7pizp?jobsource=2018indexpoc,no,,
https://www.104.com.tw/job/7d69o?jobsource=2018indexpoc,no,,
https://www.104.com.tw/job/7xkjr?jobsource=2018indexpoc,no,,
https://www.104.com.tw/job/82lkd?jobsource=2018indexpoc,no,,
https://www.104.com.tw/job/76meo?jobsource=2018indexpoc,no,,
https://www.104.com.tw/job/6h17l?jobsource=2018indexpoc,no,,
https://www.104.com.tw/job/7v5c2?jobsource=2018indexpoc,no,,
https://www.104.com.tw/job/5kb7f?jobsource=2018indexpoc,no,,
https://www.104.com.tw/job/818yf?jobsource=2018indexpoc,no,,
https://www.104.com.tw/job/2jwee?jobsource=2018indexpoc,no,,
https://www.104.com.tw/job/7w5r7?jobsource=2018indexpoc,no,,
https://www.104.com.tw/job/7tsx3?jobsource=2018indexpoc,no,,
https://www.104.com.tw/job/851q6?jobsource=2018indexpoc,no,,
https://www.104.com.tw/job/7rfrv?jobsource=2018indexpoc,no,,
https://www.104.com.tw/job/82c2j?jobsource=2018indexpoc,no,,
https://www.104.com.tw/job/796e2?jobsource=2018indexpoc,no,,
https://www.104.com.tw/job/83dfa?jobsource=2018indexpoc,no,,
https://www.104.com.tw/job/7t68q?jobsource=2018indexpoc,no,,
https://www.104.com.tw/job/83x5a?jobsource=2018indexpoc,ok,,
https://www.104.com.tw/job/79wh1?jobsource=2018indexpoc,ok,,
https://www.104.com.tw/job/6lje2?jobsource=2018indexpoc,no,,
https://www.104.com.tw/job/83ucy?jobsource=2018indexpoc,no,,
https://www.104.com.tw/job/8436z?jobsource=2018indexpoc,ok,,
https://www.104.com.tw/job/7qoyu?jobsource=2018indexpoc,no,,
https://www.104.com.tw/job/7rej5?jobsource=2018indexpoc,no,,
https://www.104.com.tw/job/82gml?jobsource=2018indexpoc,ok,,
https://www.104.com.tw/job/84qoj?jobsource=2018indexpoc,no,,
https://www.104.com.tw/job/844c8?jobsource=2018indexpoc,no,,
https://www.104.com.tw/job/8458m?jobsource=2018indexpoc,no,,
https://www.104.com.tw/job/7yxuw?jobsource=2018indexpoc,ok,,
https://www.104.com.tw/job/7ywh8?jobsource=2018indexpoc,ok,,
https://www.104.com.tw/job/7xaju?jobsource=2018indexpoc,ok,,
https://www.104.com.tw/job/7y9ws?jobsource=2018indexpoc,no,,
https://www.104.com.tw/job/7y9ww?jobsource=2018indexpoc,ok,,
https://www.104.com.tw/job/8455x?jobsource=2018indexpoc,no,,
https://www.104.com.tw/job/83yfg?jobsource=2018indexpoc,no,,
https://www.104.com.tw/job/82vre?jobsource=2018indexpoc,no,,
https://www.104.com.tw/job/7i8mi?jobsource=2018indexpoc,no,,
https://www.104.com.tw/job/7jexz?jobsource=2018indexpoc,no,,
https://www.104.com.tw/job/7oxp7?jobsource=2018indexpoc,no,,
https://www.104.com.tw/job/83d61?jobsource=2018indexpoc,no,,
https://www.104.com.tw/job/7htg6?jobsource=2018indexpoc,no,,
https://www.104.com.tw/job/7k16b?jobsource=2018indexpoc,no,,
https://www.104.com.tw/job/8431a?jobsource=2018indexpoc,no,,
https://www.104.com.tw/job/7zxhs?jobsource=2018indexpoc,no,,
https://www.104.com.tw/job/7q8t6?jobsource=2018indexpoc,no,,
https://www.104.com.tw/job/82a92?jobsource=2018indexpoc,no,,
https://www.104.com.tw/job/735tw?jobsource=2018indexpoc,ok,,
https://www.104.com.tw/job/74p38?jobsource=2018indexpoc,ok,,
https://www.104.com.tw/job/7myxe?jobsource=2018indexpoc,ok,,
https://www.104.com.tw/job/81h5m?jobsource=2018indexpoc,no,,
https://www.104.com.tw/job/7ycyi?jobsource=2018indexpoc,no,,
https://www.104.com.tw/job/7de45?jobsource=2018indexpoc,no,,
https://www.104.com.tw/job/6reuc?jobsource=2018indexpoc,no,,
https://www.104.com.tw/job/7gawy?jobsource=2018indexpoc,ok,,
https://www.104.com.tw/job/81hsp?jobsource=2018indexpoc,no,,
https://www.104.com.tw/job/841sc?jobsource=2018indexpoc,no,,
https://www.104.com.tw/job/840lp?jobsource=2018indexpoc,no,,
https://www.104.com.tw/job/6s44w?jobsource=2018indexpoc,no,,
https://www.104.com.tw/job/84xxj?jobsource=2018indexpoc,no,,
https://www.104.com.tw/job/7rewx?jobsource=2018indexpoc,ok,,
https://www.104.com.tw/job/828sz?jobsource=2018indexpoc,no,,
https://www.104.com.tw/job/7jlnm?jobsource=2018indexpoc,no,,
https://www.104.com.tw/job/80f58?jobsource=2018indexpoc,no,,
https://www.104.com.tw/job/6vpv5?jobsource=2018indexpoc,no,,
https://www.104.com.tw/job/6m8yz?jobsource=2018indexpoc,no,,
https://www.104.com.tw/job/7l05e?jobsource=2018indexpoc,no,,
https://www.104.com.tw/job/6rqbd?jobsource=2018indexpoc,ok,,
https://www.104.com.tw/job/852p3?jobsource=2018indexpoc,no,,
https://www.104.com.tw/job/4ne2e?jobsource=2018indexpoc,no,,
https://www.104.com.tw/job/7j1ly?jobsource=2018indexpoc,no,,
https://www.104.com.tw/job/7pu1a?jobsource=2018indexpoc,no,,
https://www.104.com.tw/job/6lyy7?jobsource=2018indexpoc,no,,
https://www.104.com.tw/job/820ms?jobsource=2018indexpoc,no,,
https://www.104.com.tw/job/83lv7?jobsource=2018indexpoc,ok,,
https://www.104.com.tw/job/74ol5?jobsource=2018indexpoc,no,,
https://www.104.com.tw/job/79d0b?jobsource=2018indexpoc,no,,
https://www.104.com.tw/job/7ug0c?jobsource=2018indexpoc,no,,
https://www.104.com.tw/job/7mh63?jobsource=2018indexpoc,no,,
https://www.104.com.tw/job/7b7ye?jobsource=2018indexpoc,no,,
https://www.104.com.tw/job/7rldo?jobsource=2018indexpoc,no,,
https://www.104.com.tw/job/7ndw3?jobsource=2018indexpoc,no,,
https://www.104.com.tw/job/6k7mz?jobsource=2018indexpoc,no,,
https://www.104.com.tw/job/6vkvk?jobsource=2018indexpoc,no,,
https://www.104.com.tw/job/6yhxz?jobsource=2018indexpoc,no,,
https://www.104.com.tw/job/7o6mz?jobsource=2018indexpoc,no,,
https://www.104.com.tw/job/7gyxz?jobsource=2018indexpoc,no,,
https://www.104.com.tw/job/77oyc?jobsource=2018indexpoc,no,,
https://www.104.com.tw/job/6xapr?jobsource=2018indexpoc,no,,
https://www.104.com.tw/job/7oza5?jobsource=2018indexpoc,no,,
https://www.104.com.tw/job/812b5?jobsource=2018indexpoc,no,,
https://www.104.com.tw/job/84yk0?jobsource=2018indexpoc,no,,
https://www.104.com.tw/job/72l0y?jobsource=2018indexpoc,no,,
https://www.104.com.tw/job/7d0qj?jobsource=2018indexpoc,no,,
https://www.104.com.tw/job/7kv96?jobsource=2018indexpoc,no,,
https://www.104.com.tw/job/7n0kx?jobsource=2018indexpoc,ok,,
https://www.104.com.tw/job/7exr2?jobsource=2018indexpoc,no,,
https://www.104.com.tw/job/85b66?jobsource=2018indexpoc,no,,
https://www.104.com.tw/job/7qhxe?jobsource=2018indexpoc,ok,,
https://www.104.com.tw/job/857yo?jobsource=2018indexpoc,no,,
https://www.104.com.tw/job/7ykyv?jobsource=2018indexpoc,no,,
https://www.104.com.tw/job/7tdzb?jobsource=2018indexpoc,no,,
https://www.104.com.tw/job/7u8b3?jobsource=2018indexpoc,no,,
https://www.104.com.tw/job/6mw7h?jobsource=2018indexpoc,no,,
https://www.104.com.tw/job/7yq63?jobsource=2018indexpoc,no,,
https://www.104.com.tw/job/7qthq?jobsource=2018indexpoc,ok,,
https://www.104.com.tw/job/833pb?jobsource=2018indexpoc,no,,
https://www.104.com.tw/job/83ycr?jobsource=2018indexpoc,no,,
https://www.104.com.tw/job/7mlrl?jobsource=2018indexpoc,no,,
https://www.104.com.tw/job/6qpnb?jobsource=2018indexpoc,no,,
https://www.104.com.tw/job/6077h?jobsource=2018indexpoc,no,,
https://www.104.com.tw/job/81m2f?jobsource=2018indexpoc,no,,
https://www.104.com.tw/job/6nv3o?jobsource=2018indexpoc,no,,
https://www.104.com.tw/job/82v6y?jobsource=2018indexpoc,no,,
https://www.104.com.tw/job/67nt5?jobsource=2018indexpoc,no,,
https://www.104.com.tw/job/843q7?jobsource=2018indexpoc,no,,
https://www.104.com.tw/job/83kot?jobsource=2018indexpoc,no,,
https://www.104.com.tw/job/6cnpp?jobsource=2018indexpoc,no,,
https://www.104.com.tw/job/70mdr?jobsource=2018indexpoc,no,,
https://www.104.com.tw/job/84emd?jobsource=2018indexpoc,no,,
https://www.104.com.tw/job/7ypd0?jobsource=2018indexpoc,no,,
https://www.104.com.tw/job/3620d?jobsource=2018indexpoc,no,,
https://www.104.com.tw/job/7dxpd?jobsource=2018indexpoc,no,,
https://www.104.com.tw/job/7qk7p?jobsource=2018indexpoc,no,,
https://www.104.com.tw/job/4lqb5?jobsource=2018indexpoc,no,,
https://www.104.com.tw/job/706wf?jobsource=2018indexpoc,no,,
https://www.104.com.tw/job/6ew1y?jobsource=2018indexpoc,no,,
https://www.104.com.tw/job/7plcw?jobsource=2018indexpoc,no,,
https://www.104.com.tw/job/7lkiu?jobsource=2018indexpoc,no,,
https://www.104.com.tw/job/7sefw?jobsource=2018indexpoc,no,,
https://www.104.com.tw/job/7raz4?jobsource=2018indexpoc,no,,
https://www.104.com.tw/job/82nut?jobsource=2018indexpoc,no,,
https://www.104.com.tw/job/7c7bu?jobsource=2018indexpoc,no,,
https://www.104.com.tw/job/83vk4?jobsource=2018indexpoc,no,,
https://www.104.com.tw/job/814p4?jobsource=2018indexpoc,no,,
https://www.104.com.tw/job/600ye?jobsource=2018indexpoc,no,,
https://www.104.com.tw/job/7qj0d?jobsource=2018indexpoc,no,,
https://www.104.com.tw/job/74235?jobsource=2018indexpoc,no,,
https://www.104.com.tw/job/851qj?jobsource=2018indexpoc,no,,
https://www.104.com.tw/job/84pc4?jobsource=2018indexpoc,no,,
https://www.104.com.tw/job/847xf?jobsource=2018indexpoc,no,,
https://www.104.com.tw/job/72xdy?jobsource=2018indexpoc,no,,
https://www.104.com.tw/job/57aub?jobsource=2018indexpoc,no,,
https://www.104.com.tw/job/6vyiw?jobsource=2018indexpoc,no,,
https://www.104.com.tw/job/3rq22?jobsource=2018indexpoc,no,,
https://www.104.com.tw/job/7yvsv?jobsource=2018indexpoc,no,,
https://www.104.com.tw/job/67nhg?jobsource=2018indexpoc,no,,
https://www.104.com.tw/job/6p9mo?jobsource=2018indexpoc,no,,
https://www.104.com.tw/job/7ay21?jobsource=2018indexpoc,no,,
https://www.104.com.tw/job/7x4k9?jobsource=2018indexpoc,no,,
https://www.104.com.tw/job/6cs30?jobsource=2018indexpoc,no,,
https://www.104.com.tw/job/7rfvn?jobsource=2018indexpoc,ok,,
https://www.104.com.tw/job/6pvuj?jobsource=2018indexpoc,no,,
https://www.104.com.tw/job/83d7a?jobsource=2018indexpoc,no,,
https://www.104.com.tw/job/82h9m?jobsource=2018indexpoc,no,,
https://www.104.com.tw/job/7wmrd?jobsource=2018indexpoc,no,,
https://www.104.com.tw/job/7t4g1?jobsource=2018indexpoc,no,,
https://www.104.com.tw/job/7reu5?jobsource=2018indexpoc,no,,
https://www.104.com.tw/job/3mi7n?jobsource=2018indexpoc,no,,
https://www.104.com.tw/job/81me7?jobsource=2018indexpoc,no,,
https://www.104.com.tw/job/6xzi4?jobsource=2018indexpoc,no,,
https://www.104.com.tw/job/78vpw?jobsource=2018indexpoc,no,,
https://www.104.com.tw/job/76grw?jobsource=2018indexpoc,no,,
https://www.104.com.tw/job/6pblp?jobsource=2018indexpoc,no,,
https://www.104.com.tw/job/81tex?jobsource=2018indexpoc,no,,
https://www.104.com.tw/job/7mbwu?jobsource=2018indexpoc,no,,
https://www.104.com.tw/job/6uu19?jobsource=2018indexpoc,no,,
https://www.104.com.tw/job/84dls?jobsource=2018indexpoc,no,,
https://www.104.com.tw/job/80ctx?jobsource=2018indexpoc,no,,
https://www.104.com.tw/job/7xkzp?jobsource=2018indexpoc,no,,
https://www.104.com.tw/job/4czi0?jobsource=2018indexpoc,no,,
https://www.104.com.tw/job/7xhlz?jobsource=2018indexpoc,no,,
https://www.104.com.tw/job/76k40?jobsource=2018indexpoc,no,,
https://www.104.com.tw/job/81it9?jobsource=2018indexpoc,no,,
https://www.104.com.tw/job/7tfn1?jobsource=2018indexpoc,no,,
https://www.104.com.tw/job/82v1x?jobsource=2018indexpoc,no,,
https://www.104.com.tw/job/7qdtw?jobsource=2018indexpoc,no,,
https://www.104.com.tw/job/5ljg4?jobsource=2018indexpoc,no,,
https://www.104.com.tw/job/81bho?jobsource=2018indexpoc,no,,
https://www.104.com.tw/job/7xf6k?jobsource=2018indexpoc,no,,
https://www.104.com.tw/job/843fp?jobsource=2018indexpoc,no,,
https://www.104.com.tw/job/81ita?jobsource=2018indexpoc,no,,
https://www.104.com.tw/job/6euqt?jobsource=2018indexpoc,no,,
https://www.104.com.tw/job/7gstq?jobsource=2018indexpoc,no,,
https://www.104.com.tw/job/859z6?jobsource=2018indexpoc,ok,,
https://www.104.com.tw/job/7va5m?jobsource=2018indexpoc,no,,
https://www.104.com.tw/job/80myf?jobsource=2018indexpoc,no,,
https://www.104.com.tw/job/81267?jobsource=2018indexpoc,no,,
https://www.104.com.tw/job/82zcx?jobsource=2018indexpoc,no,,
https://www.104.com.tw/job/7s70t?jobsource=2018indexpoc,no,,
https://www.104.com.tw/job/82wko?jobsource=2018indexpoc,no,,
https://www.104.com.tw/job/8495d?jobsource=2018indexpoc,no,,
https://www.104.com.tw/job/857p3?jobsource=2018indexpoc,no,,
https://www.104.com.tw/job/77ibl?jobsource=2018indexpoc,no,,
https://www.104.com.tw/job/80uuy?jobsource=2018indexpoc,no,,
https://www.104.com.tw/job/800te?jobsource=2018indexpoc,no,,
https://www.104.com.tw/job/7qc1z?jobsource=2018indexpoc,no,,
https://www.104.com.tw/job/3le6l?jobsource=2018indexpoc,no,,
https://www.104.com.tw/job/82xzf?jobsource=2018indexpoc,no,,
https://www.104.com.tw/job/7sfys?jobsource=2018indexpoc,no,,
https://www.104.com.tw/job/6a1qg?jobsource=2018indexpoc,no,,
https://www.104.com.tw/job/3lxfq?jobsource=2018indexpoc,no,,
https://www.104.com.tw/job/81kt2?jobsource=2018indexpoc,no,,
https://www.104.com.tw/job/7vdf7?jobsource=2018indexpoc,no,,
https://www.104.com.tw/job/7ralx?jobsource=2018indexpoc,no,,
https://www.104.com.tw/job/80sf6?jobsource=2018indexpoc,no,,
https://www.104.com.tw/job/7zplf?jobsource=2018indexpoc,no,,
https://www.104.com.tw/job/6htt3?jobsource=2018indexpoc,no,,
https://www.104.com.tw/job/8155b?jobsource=2018indexpoc,no,,
https://www.104.com.tw/job/6y5vs?jobsource=2018indexpoc,no,,
https://www.104.com.tw/job/7980c?jobsource=2018indexpoc,no,,
https://www.104.com.tw/job/7zxvk?jobsource=2018indexpoc,no,,
https://www.104.com.tw/job/4dw7u?jobsource=2018indexpoc,no,,
https://www.104.com.tw/job/7ejn3?jobsource=2018indexpoc,no,,
https://www.104.com.tw/job/5wuob?jobsource=2018indexpoc,no,,
https://www.104.com.tw/job/7e9qv?jobsource=2018indexpoc,no,,
https://www.104.com.tw/job/7g6ib?jobsource=2018indexpoc,no,,
https://www.104.com.tw/job/78ybm?jobsource=2018indexpoc,no,,
https://www.104.com.tw/job/70mni?jobsource=2018indexpoc,no,,
https://www.104.com.tw/job/7ihdf?jobsource=2018indexpoc,no,,
https://www.104.com.tw/job/84ksd?jobsource=2018indexpoc,no,,
https://www.104.com.tw/job/84nq8?jobsource=2018indexpoc,no,,
https://www.104.com.tw/job/7qr96?jobsource=2018indexpoc,no,,
https://www.104.com.tw/job/7d7c7?jobsource=2018indexpoc,no,,
https://www.104.com.tw/job/7c1m5?jobsource=2018indexpoc,no,,
https://www.104.com.tw/job/61hpi?jobsource=2018indexpoc,no,,
https://www.104.com.tw/job/857wr?jobsource=2018indexpoc,no,,
https://www.104.com.tw/job/7gbfk?jobsource=2018indexpoc,no,,
https://www.104.com.tw/job/7b687?jobsource=2018indexpoc,no,,
https://www.104.com.tw/job/7yvyd?jobsource=2018indexpoc,no,,
https://www.104.com.tw/job/80kmx?jobsource=2018indexpoc,no,,
https://www.104.com.tw/job/7xau3?jobsource=2018indexpoc,no,,
https://www.104.com.tw/job/7yvit?jobsource=2018indexpoc,no,,
https://www.104.com.tw/job/7r3vx?jobsource=2018indexpoc,no,,
https://www.104.com.tw/job/7h7q1?jobsource=2018indexpoc,no,,
https://www.104.com.tw/job/6qnxk?jobsource=2018indexpoc,no,,
https://www.104.com.tw/job/80v6d?jobsource=2018indexpoc,no,,
https://www.104.com.tw/job/6ofwj?jobsource=2018indexpoc,no,,
https://www.104.com.tw/job/7d0hh?jobsource=2018indexpoc,no,,
https://www.104.com.tw/job/7o9mu?jobsource=2018indexpoc,no,,
https://www.104.com.tw/job/6ubu1?jobsource=2018indexpoc,no,,
https://www.104.com.tw/job/835q4?jobsource=2018indexpoc,no,,
https://www.104.com.tw/job/75ogv?jobsource=2018indexpoc,no,,
https://www.104.com.tw/job/8327m?jobsource=2018indexpoc,no,,
https://www.104.com.tw/job/84tsr?jobsource=2018indexpoc,no,,
https://www.104.com.tw/job/854f1?jobsource=2018indexpoc,no,,
https://www.104.com.tw/job/7e7jl?jobsource=2018indexpoc,no,,
https://www.104.com.tw/job/6p9ao?jobsource=2018indexpoc,no,,
https://www.104.com.tw/job/84j31?jobsource=2018indexpoc,no,,
www.104.com.tw/job/82m8t?jobsource=2018indexpoc,ok,Data Engineer / u{v(Python),qqxWq
www.104.com.tw/job/7sumg?jobsource=2018indexpoc,applied,a,xW}o~q
www.104.com.tw/job/7wyci?jobsource=2018indexpoc,applied,Rv,sq
www.104.com.tw/job/7vb5f?jobsource=2018indexpoc,applied,Data Engineer u{v (x),LRq
www.104.com.tw/job/84bf3?jobsource=2018indexpoc,ok,siPRv,esiPq
www.104.com.tw/job/7vpyk?jobsource=2018indexpoc,applied,Rv,sq
www.104.com.tw/job/75oc8?jobsource=2018indexpoc,applied,ex-fu{v,q
www.104.com.tw/job/7512l?jobsource=2018indexpoc,ok,[jt] Mu{v/Uzu{v,Iq
www.104.com.tw/job/83lv7?jobsource=2018indexpoc,applied,u{v,H}oq
www.104.com.tw/job/7q9k6?jobsource=2018indexpoc,applied,qPju{v,Iq
www.104.com.tw/job/7hwc7?jobsource=2018indexpoc,ok,ijR Data Analyst Intern ]iu@^,q
www.104.com.tw/job/83x5a?jobsource=2018indexpoc,ok,{j ]|/as MH(Rv)1W,{j
www.104.com.tw/job/6reuc?jobsource=2018indexpoc,no,DBAwzv,xWfBq
www.104.com.tw/job/7n0kx?jobsource=2018indexpoc,applied,u{v,y]q
www.104.com.tw/job/7efbu?jobsource=2018indexpoc,applied,ixju{v,zq
www.104.com.tw/job/56a53?jobsource=hotjob_chr,no,"iqj~245-x-~pH-Zun""~""A@ENJOY!wB~yBs",_wqq
www.104.com.tw/job/7awo8?jobsource=hotjob_chr,no,"iqj~245-xRw-~pHun""~""A@ENJOY!wB~yBs",_wqq
www.104.com.tw/job/7uskr?jobsource=2018indexpoc,ok,Python u{v,qq
www.104.com.tw/job/7ydgy?jobsource=2018indexpoc,ok,Pythonvu{v,q
www.104.com.tw/job/74ilx?jobsource=2018indexpoc,ok,AIu{v(Z),wPq
www.104.com.tw/job/7gqao?jobsource=2018indexpoc,ok,FjHuzxAIu{v,Fj
www.104.com.tw/job/8455x?jobsource=2018indexpoc,ok,61584_Quality Data Engineer (Taichung),xWdq
www.104.com.tw/job/84zh1?jobsource=2018indexpoc,ok,AIu{v,tT~q
www.104.com.tw/job/6kutq?jobsource=2018indexpoc,ok,AOI/AIv`u{v,q
www.104.com.tw/job/7xejc?jobsource=2018indexpoc,ok,iNjAItku{v-x/st-R10,Fqq
www.104.com.tw/job/8458m?jobsource=2018indexpoc,ok,61585_Quality Control Engineer (Taichung),xWdq
www.104.com.tw/job/85b66?jobsource=2018indexpoc,ok,AIu{v/,q
www.104.com.tw/job/6rqbd?jobsource=2018indexpoc,ok,AItku{v-T,PMC_]kHKsoi
www.104.com.tw/job/7m790?jobsource=2018indexpoc,ok,AIu{v,q
www.104.com.tw/job/83mj7?jobsource=2018indexpoc,ok,AIu{v,Pq
www.104.com.tw/job/844h5?jobsource=2018indexpoc,ok,vBzu{v-x,q
www.104.com.tw/job/844h2?jobsource=2018indexpoc,ok,{]pv-x,q
www.104.com.tw/job/75fq8?jobsource=2018indexpoc,ok,ix/ju{v]Lu@gi^,Tq
www.104.com.tw/job/7rs60?jobsource=2018indexpoc,ok,tku{v,q
www.104.com.tw/job/7pu1a?jobsource=2018indexpoc,ok,{]pv,T~q
www.104.com.tw/job/81hsp?jobsource=2018indexpoc,ok,u{v,MeterSquare Limited_q
www.104.com.tw/job/7ywh8?jobsource=2018indexpoc,ok,Huz_hM(u)sUz,sj]|
www.104.com.tw/job/83yfg?jobsource=2018indexpoc,no,61582_Deputy Calibration Engineer u{v (Taichung),xWdq
www.104.com.tw/job/844z7?jobsource=2018indexpoc,no,{]pv-xn,q
www.104.com.tw/job/73fb6?jobsource=2018indexpoc,no,ixqjTH,sqfq
www.104.com.tw/job/7g12m?jobsource=2018indexpoc,no,u{v,soTq
www.104.com.tw/job/79n94?jobsource=2018indexpoc,no,u{v_x (J),q
www.104.com.tw/job/844zk?jobsource=2018indexpoc,no,{]pv-,q
www.104.com.tw/job/6c3ws?jobsource=2018indexpoc,no,Mu{v (Project Engineer),"itTq Minsait ACS, Inc."
www.104.com.tw/job/805d0?jobsource=2018indexpoc,no,{]pv Backend Engineer,NdTq
www.104.com.tw/job/844zo?jobsource=2018indexpoc,no,vBzu{v-,q
www.104.com.tw/job/828ao?jobsource=2018indexpoc,no,System Programmer,qxWq
www.104.com.tw/job/844zt?jobsource=2018indexpoc,no,vBzu{v-xn,q
www.104.com.tw/job/76l81?jobsource=2018indexpoc,no,u{v,q
www.104.com.tw/job/73juk?jobsource=2018indexpoc,no,"QA Software Engineer Intern/IoT Software Tester (fixed-term contractor until June 30, 2024)","West Pharmaceutical Services Asia, Ltd_wq"
www.104.com.tw/job/76l7w?jobsource=2018indexpoc,no,tBu{v,q
www.104.com.tw/job/7myxe?jobsource=2018indexpoc,no,Hu{v,vq
www.104.com.tw/job/83d61?jobsource=2018indexpoc,no,LHou{v,p_pq
www.104.com.tw/job/2adhj?jobsource=2018indexpoc,no,Cv]pu{v-T,Lq
www.104.com.tw/job/84ve4?jobsource=2018indexpoc,no,u{v,Sq
www.104.com.tw/job/6vkvk?jobsource=2018indexpoc,no,(IOT)tXu{v-SSS,sq
www.104.com.tw/job/7b7ye?jobsource=2018indexpoc,no,tu{v,q
www.104.com.tw/job/6mw7h?jobsource=2018indexpoc,no,wAu{v-N(x`),q
www.104.com.tw/job/7htg6?jobsource=2018indexpoc,no,MtX[ou{v,Ttq
www.104.com.tw/job/7fnhp?jobsource=2018indexpoc,no,A}ou{v-T3,PMC_]kHKsoi
www.104.com.tw/job/80f58?jobsource=2018indexpoc,no,MIUu{v,xWq
www.104.com.tw/job/74p38?jobsource=2018indexpoc,no,ou{v(o),u~q
www.104.com.tw/job/84elw?jobsource=2018indexpoc,no,n}ou{v,MeterSquare Limited_q
www.104.com.tw/job/735tw?jobsource=2018indexpoc,no,QA u{v(x)-uW,ECq
www.104.com.tw/job/7y3tk?jobsource=2018indexpoc,no,qlbu{v,[qq
www.104.com.tw/job/84tqo?jobsource=2018indexpoc,no,e Engineer,q
www.104.com.tw/job/6lyy7?jobsource=2018indexpoc,no,B-t{]pv,uq
www.104.com.tw/job/7cyqz?jobsource=2018indexpoc,no,1P00- pUz(pe),j]|
www.104.com.tw/job/7de45?jobsource=2018indexpoc,no,AOIu{v,q
www.104.com.tw/job/81h5m?jobsource=2018indexpoc,no,iNj[cv-xt-R10,Fqq
www.104.com.tw/job/7l05e?jobsource=2018indexpoc,no,Mtu{v,Ttq
www.104.com.tw/job/840lp?jobsource=2018indexpoc,no,PHP{]pv(~u),`q
www.104.com.tw/job/4qz6c?jobsource=2018indexpoc,no,C/C++ Computer vision software engineer,_qq
www.104.com.tw/job/7jexz?jobsource=2018indexpoc,no,iUjUv(z)-317317,KPMG_wJ~pX|pv
www.104.com.tw/job/852p3?jobsource=2018indexpoc,no,Devopsu{v,q
www.104.com.tw/job/6juiq?jobsource=2018indexpoc,no,v~u{v(x),~qqq
www.104.com.tw/job/6s44w?jobsource=2018indexpoc,no,Huzu{v,_q
www.104.com.tw/job/7rldo?jobsource=2018indexpoc,no,vBzu{v,zq
www.104.com.tw/job/7lp1t?jobsource=2018indexpoc,no,io R&DjSREu{v,q
www.104.com.tw/job/7amvm?jobsource=2018indexpoc,no,iSREjSite Reliability Engineer / iau{v,UTq
www.104.com.tw/job/7ef8j?jobsource=2018indexpoc,no,ixjSREtiau{v,zq
www.104.com.tw/job/7j3eu?jobsource=2018indexpoc,no,ixju{v Cloud Engineer,^}sqUpqxWq
www.104.com.tw/job/7lsto?jobsource=2018indexpoc,no,D4000 APP{}ou{v(iOS)ixj,ICq(Imomo)
www.104.com.tw/job/81d1s?jobsource=2018indexpoc,no,ou{v,sj]|
www.104.com.tw/job/7ykyv?jobsource=2018indexpoc,no,qTtou{v,q
www.104.com.tw/job/7iw6h?jobsource=2018indexpoc,no,ixjM[cvSolution Architect (Presales),^}sqUpqxWq
www.104.com.tw/job/73bek?jobsource=2018indexpoc,no,C/Cu{v,q
www.104.com.tw/job/83y2e?jobsource=2018indexpoc,no,isjOdoo}ou{v,pTq
www.104.com.tw/job/7kwoe?jobsource=2018indexpoc,no,x-o-IoTXu{v,_Qq
www.104.com.tw/job/7qthq?jobsource=2018indexpoc,no,MIS tu{v (),y]q
www.104.com.tw/job/7jlnm?jobsource=2018indexpoc,no,ixjInformation Security Analyst wRv,p@Nq
www.104.com.tw/job/7rewx?jobsource=2018indexpoc,no,T-u{v,x~q
www.104.com.tw/job/6jdo7?jobsource=2018indexpoc,no,{]pv(x),[q
www.104.com.tw/job/6vpv5?jobsource=2018indexpoc,no,PHP{]pvi~uj,q
www.104.com.tw/job/4ne2e?jobsource=2018indexpoc,no,Internet{]pv - TBU,]Tq
www.104.com.tw/job/7y9ww?jobsource=2018indexpoc,ok,BI}ou{v(x),_~q
www.104.com.tw/job/85d4x?jobsource=2018indexpoc,ok,wzv,q
www.104.com.tw/job/79wh1?jobsource=2018indexpoc,ok,R]pv,q
www.104.com.tw/job/8436z?jobsource=2018indexpoc,ok,MESu{v,W~q
www.104.com.tw/job/7pxpm?jobsource=2018indexpoc,ok,BI.EF}ou{v,q
www.104.com.tw/job/81t8l?jobsource=2018indexpoc,ok,BI.EF}ou{v,xE
www.104.com.tw/job/84hoo?jobsource=2018indexpoc,ok,i`qjd/RFH,j\~_j\Uq
www.104.com.tw/job/4r5bo?jobsource=2018indexpoc,ok,ixqjs,Ndq
www.104.com.tw/job/85c7e?jobsource=2018indexpoc,ok,-jRv,x~q
www.104.com.tw/job/7z2fy?jobsource=2018indexpoc,ok,BRv,wq
www.104.com.tw/job/7pjeb?jobsource=2018indexpoc,ok,dM,Dq
www.104.com.tw/job/7nu5n?jobsource=2018indexpoc,ok,SQLwz,~q
www.104.com.tw/job/7nzuf?jobsource=2018indexpoc,ok,siuv,wNPq
www.104.com.tw/job/6zwi9?jobsource=2018indexpoc,no,By-^M,]kH|Q|
www.104.com.tw/job/857sf?jobsource=2018indexpoc,no,FjBxuH1W,Fj
www.104.com.tw/job/6jkmr?jobsource=2018indexpoc,no,Bz-M,]kH|Q|
www.104.com.tw/job/857s1?jobsource=2018indexpoc,no,FjBxuH1H,Fj
www.104.com.tw/job/7x90k?jobsource=2018indexpoc,no,Uz,Dq
www.104.com.tw/job/82z3w?jobsource=2018indexpoc,no,Uz(u@)(x),WzUq
www.104.com.tw/job/7zr0h?jobsource=2018indexpoc,no,qR - x,qq
www.104.com.tw/job/85c4z?jobsource=2018indexpoc,no,TUzH,W~q
www.104.com.tw/job/7va5m?jobsource=2018indexpoc,no,sig,A
www.104.com.tw/job/851q6?jobsource=2018indexpoc,no,{j T`B/ zv1W,{j
www.104.com.tw/job/7pxxe?jobsource=2018indexpoc,no,Uzs(Assistant Field Scientist),vA~Uq
www.104.com.tw/job/82gml?jobsource=2018indexpoc,ok,]-]zv,~\q
www.104.com.tw/job/7yxuw?jobsource=2018indexpoc,ok,siM]siuv/si),E
www.104.com.tw/job/83r8z?jobsource=2018indexpoc,no,Customer Service Representative,Lq
www.104.com.tw/job/82e7x?jobsource=2018indexpoc,no,ith?c t?p sinhjTH?NG B?O TUY?N D?NG - Tuy?n th?c t?p sinh cho v? tr? phi?n d?ch Trung-Vi?t,|i|Vmq
www.104.com.tw/job/7oxp7?jobsource=2018indexpoc,no,c/gu{v,Ku{Uq
www.104.com.tw/job/829nf?jobsource=2018indexpoc,no,E?Uz (37000_~),eE
www.104.com.tw/job/82d63?jobsource=2018indexpoc,no,E?Uz (26400_~),eE
www.104.com.tw/job/7s06k?jobsource=2018indexpoc,ok,SQLR}ou{v(x`q),World Gym_@~qxWq
www.104.com.tw/job/6xzi4?jobsource=2018indexpoc,ok,zMu{v-T3,PMC_]kHKsoi
www.104.com.tw/job/85axj?jobsource=2018indexpoc,no,jtxNzuH1W,j
www.104.com.tw/job/7z0zj?jobsource=2018indexpoc,no,FjBoiujp`PspevMpeUz,Fj
www.104.com.tw/job/6isfx?jobsource=2018indexpoc,no,iIjI - TwIzU-x,~HpX|pv
www.104.com.tw/job/7z1j8?jobsource=joblist_morej,no,Division Process Engineer (Taichung),xWdq
www.104.com.tw/job/6q8gl?jobsource=joblist_morej,no,60658_(Sr.)Thermal Process Engineer (Taichung),xWdq
www.104.com.tw/job/7qv1f?jobsource=joblist_morej,no,System Engineer of Smart Machine _DSM AOT (Taichung),xFqlu~q _DELTA ELECTRONICS INC.
www.104.com.tw/job/7efjp?jobsource=joblist_morej,no,Manufacturing Engineer syu{v,FOX Factory_hJqqxWq
www.104.com.tw/job/859xh?jobsource=2018indexpoc,no,UA-sz,~\q
www.104.com.tw/job/846ka?jobsource=2018indexpoc,no,fp()HTZ,yPq
www.104.com.tw/job/84pc4?jobsource=2018indexpoc,no,MsUz,Oa`|
www.104.com.tw/job/7rej5?jobsource=2018indexpoc,no,T-TAzH,x~q
www.104.com.tw/job/7fmuo?jobsource=2018indexpoc,no,Project HSE Specialist qX(x),"Hitachi Energy Taiwan Co., Ltd._xWq"
www.104.com.tw/job/7wnxr?jobsource=2018indexpoc,no,(B)PfzH,xWaq
www.104.com.tw/job/7974i?jobsource=2018indexpoc,no,u{v,Z~q
www.104.com.tw/job/80m83?jobsource=2018indexpoc,no,CADu{v(x),qq
www.104.com.tw/job/7y9ws?jobsource=2018indexpoc,no,ERP}ou{v(x),_~q
www.104.com.tw/job/6nqe1?jobsource=2018indexpoc,no,MISBu{v(/t),uq
www.104.com.tw/job/8093g?jobsource=2018indexpoc,no,Offshore Site Commissioning Manager (OCM) (38579),xWSq
www.104.com.tw/job/7yh44?jobsource=2018indexpoc,no,60492_Process Electrical Engineer_ Control related V (Taichung),xWdq
www.104.com.tw/job/83ufj?jobsource=joblist_morej,no,Process Modeling Engineer- Fluid Dynamics/Heat Transfer (Taichung),xWdq
www.104.com.tw/job/4ve4u?jobsource=2018indexpoc,no,[`q]qPH,pi{Tq
www.104.com.tw/job/7jb4v?jobsource=2018indexpoc,no,Porsche ~x-UYzUz,w~Tq
www.104.com.tw/job/853o5?jobsource=2018indexpoc,no,qPH,a~q
www.104.com.tw/job/85cpp?jobsource=2018indexpoc,no,R]]Z^,~
www.104.com.tw/job/84x5a?jobsource=2018indexpoc,ok,R,~
www.104.com.tw/job/7s761?jobsource=2018indexpoc,no,91 APPjqxBiqHj,Sq
www.104.com.tw/job/7gqih?jobsource=2018indexpoc,no,sERPu{v,^sqqxWq
www.104.com.tw/job/7ix9j?jobsource=2018indexpoc,no,si / Rv,}XPq
www.104.com.tw/job/80v6d?jobsource=2018indexpoc,no,si/g,Tq
www.104.com.tw/job/7g7lm?jobsource=2018indexpoc,ok,iXsj(~Pq)siuv(R/si),xWaq
www.104.com.tw/job/5coib?jobsource=2018indexpoc,ok,Rv,^sqXqxWq
www.104.com.tw/job/844gx?jobsource=2018indexpoc,ok,~Rv,WoTq
www.104.com.tw/job/7zao5?jobsource=2018indexpoc,ok,Uber Eats' Strategic X Account Coordinator!,s[YHUqxWq
www.104.com.tw/job/8327c?jobsource=2018indexpoc,ok,[Xs/x]siH,Pq
www.104.com.tw/job/82h8o?jobsource=2018indexpoc,ok,DBA wzv Junior/Senior,q
www.104.com.tw/job/82rvx?jobsource=2018indexpoc,ok,DBAwzv,`]pq
www.104.com.tw/job/7uwne?jobsource=2018indexpoc,no,Game Developer Lead (xH~i),lq
www.104.com.tw/job/7ssbo?jobsource=2018indexpoc,ok,wu{v(x)-B85B,Tq
www.104.com.tw/job/850jh?jobsource=2018indexpoc,ok,wu{v (SJ Holding),yqxWq
www.104.com.tw/job/7ua2a?jobsource=2018indexpoc,no,SRE/DevOps Engineer,hTq
www.104.com.tw/job/7raz4?jobsource=2018indexpoc,no,Yu~q-Tu{v,Yq
www.104.com.tw/job/7hlp0?jobsource=2018indexpoc,no,Solidity u{v~~100U~200U]bxWZ^,fgq
www.104.com.tw/job/7flba?jobsource=2018indexpoc,ok,Ca (Fantasy Sports Game),nq
www.104.com.tw/job/85ow7?jobsource=2018indexpoc,ok,Cu{v (Fantasy Sports Game),nq
www.104.com.tw/job/776oa?jobsource=joblist_morej,no,~u{v,xyu{q
www.104.com.tw/job/7yoru?jobsource=2018indexpoc,ok,DBA wzv-T/uW(x),104HO_@s|Tq
www.104.com.tw/job/7btl7?jobsource=2018indexpoc,ok,Database Administrator(Engineer) / wzv(u{v) / DBA,qqxWq
www.104.com.tw/job/7tjhk?jobsource=2018indexpoc,applied,~zu{v(BI),M~q
www.104.com.tw/job/787uq?jobsource=2018indexpoc,ok,RH]x^,?yUqxWq
www.104.com.tw/job/70mgl?jobsource=2018indexpoc,ok,,tq
www.104.com.tw/job/71etg?jobsource=2018indexpoc,ok,(x) Financial Analyst/Auditor,Wq
www.104.com.tw/job/74q0r?jobsource=2018indexpoc,no,AOIvtku{v,tq
www.104.com.tw/job/7bmhe?jobsource=2018indexpoc,ok,TRs,q
www.104.com.tw/job/84yym?jobsource=2018indexpoc,no,QA u{v (x),FuTq
www.104.com.tw/job/74cdk?jobsource=2018indexpoc,ok,Marketing Analyst,}yqxWq
www.104.com.tw/job/7xw5h?jobsource=2018indexpoc,ok,d,qq
www.104.com.tw/job/6yqd0?jobsource=2018indexpoc,no,DBA wu{v,n}oq
www.104.com.tw/job/7e6hs?jobsource=2018indexpoc,ok,MESu{v,^}sqq
www.104.com.tw/job/855wu?jobsource=2018indexpoc,ok,iTjMESu{v,Xqq
www.104.com.tw/job/859l3?jobsource=2018indexpoc,no,Pz,dq
www.104.com.tw/job/7qb61?jobsource=2018indexpoc,no,AIu{v,ztq
www.104.com.tw/job/7ug0c?jobsource=2018indexpoc,ok,u{v (x)-uW,ECq
www.104.com.tw/job/34bgd?jobsource=2018indexpoc,no,vUzu{v,jqq
www.104.com.tw/job/8336k?jobsource=2018indexpoc,no,CHUN33 ~Psiuvsi,CHUN33_Jq
www.104.com.tw/job/800aa?jobsource=2018indexpoc,ok,TH,C@q
www.104.com.tw/job/6077h?jobsource=2018indexpoc,no,{]pv,q
www.104.com.tw/job/7s1z6?jobsource=2018indexpoc,ok,iTPWBjUzu{v,{j_azTts
www.104.com.tw/job/81m2f?jobsource=2018indexpoc,ok,Uzu{v]O^,q
www.104.com.tw/job/84o3x?jobsource=2018indexpoc,ok,u~pTXu{v,Uq
www.104.com.tw/job/84289?jobsource=2018indexpoc,no,u{v,q
www.104.com.tw/job/78rkb?jobsource=2018indexpoc,no,Uzu{v,dq
www.104.com.tw/job/8427z?jobsource=2018indexpoc,no,Uzu{v,q
www.104.com.tw/job/7z6i0?jobsource=2018indexpoc,no,twu{v,q
www.104.com.tw/job/6gaaf?jobsource=2018indexpoc,ok,xu{v(x),pq
www.104.com.tw/job/82h9m?jobsource=2018indexpoc,no,Bu{v Junior/Senior,q
www.104.com.tw/job/7sz9r?jobsource=2018indexpoc,ok,IEu{v,q
www.104.com.tw/job/7yy68?jobsource=2018indexpoc,no,]UzUz/Uz,satana_pq
www.104.com.tw/job/7xfjl?jobsource=2018indexpoc,ok,ixqjsUz,Ndq
www.104.com.tw/job/7ytsy?jobsource=2018indexpoc,no,op,Oq
www.104.com.tw/job/85as5?jobsource=hotjob_chr,no,IPH x(T),l~Pq
www.104.com.tw/job/84w62?jobsource=hotjob_chr,no,"~I\PH(BuACJ59,600HW) TAx",l~Pq
www.104.com.tw/job/7bhpf?jobsource=2018indexpoc,no,sjBH,q_]Yamahas
www.104.com.tw/job/7iyjl?jobsource=2018indexpoc,no,yamahajBH,q_]Yamahas
www.104.com.tw/job/7x53l?jobsource=2018indexpoc,ok,u{v(),Kq
www.104.com.tw/job/82rwb?jobsource=2018indexpoc,no,siuv,XPq
www.104.com.tw/job/774wt?jobsource=2018indexpoc,ok,(x)Tu{v,xWq
www.104.com.tw/job/85ymj?jobsource=2018indexpoc,ok,wzH,ZTq
www.104.com.tw/job/7wuz8?jobsource=2018indexpoc,no,}ou{v,q
www.104.com.tw/job/3620d?jobsource=2018indexpoc,no,Uzu{v(x),Tq
www.104.com.tw/job/7xj2m?jobsource=2018indexpoc,ok,Tu{v,q
www.104.com.tw/job/81esq?jobsource=2018indexpoc,no,PHP{]pv(),Tq
www.104.com.tw/job/814p4?jobsource=2018indexpoc,no,Technical Analyst / Consultant - Digital Customer - Deloitte Consulting,DELOITTE CONSULTING_~HzUq
www.104.com.tw/job/7vcfw?jobsource=2018indexpoc,no,{]pvixj,Qiq
www.104.com.tw/job/83wnz?jobsource=2018indexpoc,no,iTPWBju{v,{j_azTts
www.104.com.tw/job/6cx12?jobsource=2018indexpoc,ok,T-wzv(DBA),x~q
www.104.com.tw/job/843q7?jobsource=2018indexpoc,no,Tz,~qxWq
www.104.com.tw/job/7ug3b?jobsource=2018indexpoc,no,IOS APP u{v,q
www.104.com.tw/job/7sqmh?jobsource=2018indexpoc,no,Worldwide Logistics Intern (6 to 12 months) - Taiwan,"Specialized Bicycle Components, Inc._SqxWq"
www.104.com.tw/job/7dwaq?jobsource=2018indexpoc,no,Budget Controller (x),GxW_Fu~q
www.104.com.tw/job/7qb5f?jobsource=2018indexpoc,ok,AIvu{v,ztq
www.104.com.tw/job/763vy?jobsource=2018indexpoc,ok,i~qja (oADDT)(x),@~q_HO
www.104.com.tw/job/85z5e?jobsource=2018indexpoc,no,i2024 Winter Internj Intern (Software Developer) V Taiwan Delivery Center V Deloitte Consulting V Taichung,DELOITTE CONSULTING_~HzUq
www.104.com.tw/job/80w27?jobsource=2018indexpoc,ok,wzv,n}oq
www.104.com.tw/job/6bsbk?jobsource=2018indexpoc,ok,Google AnalyticsRv-[Jx (GARBRBb),Jq
www.104.com.tw/job/6ue4d?jobsource=2018indexpoc,ok,Google AnalyticsRv (GAyqRBbBR) [Jx,Jq
www.104.com.tw/job/85wyc?jobsource=2018indexpoc,no,~P -Os~-TW12684-001-857,"OtzUq(Pasona Taiwan Co., Ltd.)"
www.104.com.tw/job/7qsp0?jobsource=2018indexpoc,no,siuv-x,xWSq
www.104.com.tw/job/8660h?jobsource=2018indexpoc,ok,python u{v,Yq
www.104.com.tw/job/864b9?jobsource=2018indexpoc,ok,Uzu{v,q
www.104.com.tw/job/864xb?jobsource=2018indexpoc,ok,~u{v,xWq
www.104.com.tw/job/864sq?jobsource=2018indexpoc,no,Lmu{v,RHINOSHIELD_s[YRq
www.104.com.tw/job/862or?jobsource=2018indexpoc,ok,ixj]gRzv,^sqzTqxWq
www.104.com.tw/job/83ohb?jobsource=2018indexpoc,no,(4559) [-o-~]pv,[~q
www.104.com.tw/job/864t9?jobsource=2018indexpoc,no,vs@,_u@
www.104.com.tw/job/7za12?jobsource=2018indexpoc,ok,qR - x,qq
www.104.com.tw/job/5a5et?jobsource=2018indexpoc,applied,ijRu{vjRUUI[Jx,Jq
www.104.com.tw/job/8452o?jobsource=2018indexpoc,ok,zsyjRv,Yq
www.104.com.tw/job/7528c?jobsource=2018indexpoc,no,HVmzv(HRD),BSqq
www.104.com.tw/job/7v22y?jobsource=2018indexpoc,no,qB,q
www.104.com.tw/job/7exek?jobsource=2018indexpoc,no,zZzv(F|),kHX|
www.104.com.tw/job/8451e?jobsource=2018indexpoc,no,gRzv,~q
www.104.com.tw/job/84cp0?jobsource=2018indexpoc,no,{]pH,eqlq
www.104.com.tw/job/7uyw8?jobsource=2018indexpoc,no,H19-H(|-{iB),a|_]kHxW[axU|
www.104.com.tw/job/85v0l?jobsource=2018indexpoc,no,MUz,u~
www.104.com.tw/job/80grp?jobsource=2018indexpoc,no,u{v/u{v(x),Yu{Uq
www.104.com.tw/job/7sw40?jobsource=2018indexpoc,no,Uzu{v,q
www.104.com.tw/job/85v7n?jobsource=2018indexpoc,no,Uzu{v,`]pq
www.104.com.tw/job/7pp33?jobsource=2018indexpoc,no,wjoxpeH,wj
www.104.com.tw/job/83w89?jobsource=2018indexpoc,no,PCG230067-}o_BOu{v(x),_u~q
www.104.com.tw/job/85n29?jobsource=2018indexpoc,no,|p`pepeuUNovuMUz(O),O|j_pPAs
www.104.com.tw/job/865u2?jobsource=2018indexpoc,ok,iPjsiH,_qSq
www.104.com.tw/job/6gehf?jobsource=2018indexpoc,ok,MESTu{v/u/Uu,jqq
www.104.com.tw/job/6idxf?jobsource=2018indexpoc,no,Tu{v,q
www.104.com.tw/job/7diqh?jobsource=2018indexpoc,no,TH,Tq
www.104.com.tw/job/83e57?jobsource=2018indexpoc,ok,TH,nq
www.104.com.tw/job/7q87j?jobsource=2018indexpoc,applied,u{v,qq
www.104.com.tw/job/787uq?jobsource=2018indexpoc,ok,RH]x^,?yUqxWq
www.104.com.tw/job/85lfv?jobsource=2018indexpoc,ok,u{v,^Kq
www.104.com.tw/job/7m790?jobsource=2018indexpoc,ok,AIu{v,q
www.104.com.tw/job/84e28?jobsource=2018indexpoc,applied,u{v(vBHuzM),L{Tq
www.104.com.tw/job/863e5?jobsource=2018indexpoc,no,AIu{v/,qQq
www.104.com.tw/job/7gx5r?jobsource=2018indexpoc,no,AIvu{v,jq
www.104.com.tw/job/7xnhx?jobsource=2018indexpoc,no,AINqv,]q
www.104.com.tw/job/85v46?jobsource=2018indexpoc,no,AI@H,d~q
www.104.com.tw/job/7iqm2?jobsource=2018indexpoc,no,u{v(nxq)(AI),__q
www.104.com.tw/job/7wr8b?jobsource=2018indexpoc,no,AIN]pv,cLq
www.104.com.tw/job/73j23?jobsource=2018indexpoc,no,u{v(_xq)(AI),__q
www.104.com.tw/job/85k1q?jobsource=2018indexpoc,no,u{v(q)(AI),__q
www.104.com.tw/job/7g50w?jobsource=2018indexpoc,ok,AIy}o Uzu{v,q
www.104.com.tw/job/867rc?jobsource=2018indexpoc,no,iT~jAIvN~-cu{v,Xqq
www.104.com.tw/job/7nkc1?jobsource=2018indexpoc,ok,AINMa AI Technical Expert (x),Gq
